number_of_buildings_impacted,economic_loss,date_time,location,Unnamed: 4,Unnamed: 5
3002,35460000,24-03-2011 13:55,"Tachilek, Myanmar",,
1438,42210000,29-09-2010 17:11,"Papua, Indonesia",, 
1392,2910000,10-08-2009 19:55,"Bamboo Flat, India",,
180,23670000,14-07-2019 05:39,"Broome, Australia",,
4674,47920000,01-02-2019 16:14,"Puerto Madero, Mexico",,
4846,28510000,25-09-2003 19:50,"Kushiro, Japan",,
3538,16090000,11-03-2010 14:39,"Santa Cruz, Chile",,
1175,40050000,03-01-2009 20:23,"Jurm, Afghanistan",,
3226,21750000,13-09-2015 08:14,"Topolobampo, Mexico",,
4692,36420000,23-12-2004 14:59,"Macquarie, Island",,
1613,24580000,02-01-2011 20:20,"Carahue, Chile",,
682,47890000,04-05-2018 22:32,"Leilani Estates, Hawaii",,
3410,42840000,26-01-2001 03:16,"Bhach?u, India",,
4720,30430000,01-04-2007 20:47,"Panguna, Guinea",,
472,7940000,16-09-2015 22:54,"Illapel, Chile",,
3560,25390000,28-08-2004 13:41,"Teno, Chile",,
1974,2520000,25-09-2019 23:46,"Kairatu, Indonesia",,
1861,32310000,20-01-2019 01:32,"Coquimbo, Chile",,
1000,35430000,24-10-2017 10:47,"Maumere, Indonesia",,
4153,25560000,27-02-2015 13:45,"Maumere, Indonesia",,
1868,5830000,16-10-2008 19:41,"Brisas Barra de Suchiate, Mexico",,
135,9710000,14-12-2004 23:20,"George Town, Islands",,
1783,26050000,14-11-2016 00:34,"Amberley, Zealand",,
96,41740000,12-06-2010 19:26,,,
1232,45860000,26-11-2015 05:45,"Tarauacá, Brazil",,
4511,4820000,15-10-2007 12:29,"Te Anau, Zealand",,
3687,32320000,11-01-2016 16:38,"Sarangani, Philippines",,
3823,24590000,27-09-2003 11:33,"Aktash, Russia",,
4867,39310000,11-01-2022 12:39,"Nikolski, Alaska",,
3277,20240000,10-01-2017 06:13,"Tabiauan, Philippines",,
735,20890000,10-08-2010 05:23,"Port-Vila, Vanuatu",,
2665,13310000,16-06-2003 22:08,"Atlasovo, Russia",,
2528,3050000,21-07-2021 21:15,"Burica, Panama",,
169,39980000,09-10-2021 10:58,,,
550,44920000,07-06-2003 00:32,"Kokopo, Guinea",,
1808,46530000,13-10-2018 11:10,"Ozernovskiy, Russia",,
1211,6740000,18-11-2015 18:31,"Buala, Islands",,
4996,3750000,14-04-2013 01:32,"Panguna, Guinea",,
2883,15970000,24-05-2013 05:44,"Okhotsk, Okhotsk",,
3655,33160000,03-08-2014 00:22,,,
585,15130000,16-08-2009 07:38,"Padang, Indonesia",,
1457,23260000,16-08-2007 08:39,"Malango, Islands",,
4878,8850000,01-10-2003 01:03,"Aktash, Russia",,
9,34710000,15-01-2019 18:06,"Sola, Vanuatu",,
3575,32930000,27-12-2011 15:21,"Saryg-Sep, Russia",,
2663,34770000,11-09-2001 14:56,"Manokwari, Indonesia",,
4521,950000,22-01-2017 04:30,"Panguna, Guinea",,
1700,9590000,26-07-2007 05:40,"Tobelo, Indonesia",,
2094,25140000,07-07-2014 11:23,"Puerto Madero, Mexico",,
1506,46750000,01-04-2007 20:39,"Gizo, Islands",,
2218,20100000,28-05-2016 05:38,,,
3685,24830000,19-08-2018 00:19,"Levuka, Fiji",,
1651,18780000,01-09-2013 11:52,"Lospalos, Leste",,
1433,28170000,10-04-2005 11:14,"Padang, Indonesia",,
2516,48050000,11-01-2022 12:39,"Nikolski, Alaska",,
839,40410000,11-01-2022 11:35,"Nikolski, Alaska",,
3249,7860000,24-01-2016 10:30,"Pedro Bay, Alaska",,
158,47170000,04-03-2021 13:27,"Gisborne, Zealand",,
46,37420000,13-02-2001 14:22,"Cojutepeque, Salvador",,
1352,47430000,20-04-2013 00:02,"Linqiong, China",,
3401,47480000,26-12-2006 12:26,"Hengchun, Taiwan",,
4184,44420000,14-05-2021 06:33,"Sinabang, Indonesia",,
377,5400000,10-01-2002 11:14,"Aitape, Guinea",,
4256,26750000,16-02-2015 23:06,"Miyako, Japan",,
1670,25310000,18-09-2020 21:43,"central Mid-Atlantic, Ridge",,
2606,12480000,07-07-2013 20:30,"Kandrian, Guinea",,
3246,33290000,24-05-2014 09:25,"Kamariótissa, Greece",,
3144,15440000,05-12-2018 06:43,"Tadine, Caledonia",,
2221,36940000,14-11-2019 16:17,"Bitung, Indonesia",,
3348,36910000,23-04-2011 04:16,"Kirakira, Islands",,
2806,45310000,16-02-2018 23:39,"Pinotepa de Don Luis, Mexico",,
4121,45030000,02-03-2014 20:11,"Nago, Japan",,
3665,11810000,29-12-2018 03:39,"Pondaguitan, Philippines",,
3652,5440000,02-12-2005 13:13,"Ishinomaki, Japan",,
2958,370000,26-07-2001 00:21,"Skýros, Greece",,
2095,34640000,12-05-2020 22:41,"Lata, Islands",,
1188,35240000,01-05-2014 06:36,"Isangel, Vanuatu",,
2887,35400000,29-08-2018 03:51,"Tadine, Caledonia",,
196,36480000,05-07-2005 01:52,"Singkil, Indonesia",,
1832,34750000,25-11-2016 14:24,"Murghob, Tajikistan",,
3913,3610000,11-11-2012 22:14,"Champerico, Guatemala",,
1633,14970000,04-09-2013 00:18,,,
3726,5530000,31-07-2002 00:16,"Punta de Burica, Panama",,
4864,31050000,17-12-2016 10:51,"Kokopo, Guinea",,
3677,14590000,28-09-2006 06:22,"Hihifo, Tonga",,
2793,7650000,31-10-2001 09:10,"Kimbe, Guinea",,
1756,30010000,11-01-2022 12:39,"Nikolski, Alaska",,
1245,40740000,25-09-2003 21:08,"Shizunai-furukawach?, Japan",,
4716,31530000,13-11-2016 11:32,"Blenheim, Zealand",,
1420,33800000,01-03-2019 08:50,"Azángaro, Peru",,
4741,16790000,23-01-2021 23:36,"South Shetland, Islands",,
1398,33460000,17-04-2012 03:50,"Hacienda La Calera, Chile",,
466,12540000,30-08-2020 21:20,"central Mid-Atlantic, Ridge",,
3693,3170000,08-02-2004 08:58,"Nabire, Indonesia",,
2310,40130000,01-01-2001 08:54,"Mindanao, Philippines",,
1962,890000,24-04-2014 03:10,"Vernon, Canada",,
512,20310000,11-11-2004 17:34,"Kirakira, Islands",,
3430,11550000,06-04-2013 04:42,"Abepura, Indonesia",,
743,26330000,18-06-2020 12:49,"the Kermadec, Islands",,
211,32450000,11-03-2011 11:36,"?tsuchi, Japan",,
2624,35330000,23-04-2013 23:14,"Rabaul, Guinea",,
3946,27310000,03-04-2014 01:58,"Iquique, Chile",,
658,43820000,20-10-2015 21:52,"Port-Olry, Vanuatu",,
255,42920000,12-02-2014 09:19,"Hotan, China",,
2132,18060000,01-09-2020 21:09,"Vallenar, Chile",,
502,20470000,16-03-2022 14:36,"Namie, Japan",,
374,22710000,27-12-2020 21:39,"Corral, Chile",,
4078,13640000,08-12-2016 14:49,"Ferndale, California",,
3037,16400000,29-06-2014 17:15,"Mata-Utu, Futuna",,
4292,36490000,13-09-2007 02:30,"Kepulauan Mentawai region, Indonesia",,
1425,43750000,03-01-2016 23:05,"Imph?l, India",,
2299,23590000,29-09-2009 17:48,"Matavai, Samoa",,
469,37130000,04-03-2021 17:41,"Kermadec Islands, Zealand",,
587,9100000,01-10-2009 01:52,"Sungai Penuh, Indonesia",,
3908,33210000,22-02-2019 10:17,"Palora, Ecuador",,
2111,27320000,25-11-2007 19:53,"Dompu, Indonesia",,
2805,9060000,21-08-2018 21:31,"Carúpano, Venezuela",,
3440,90000,12-12-2002 08:30,"New Ireland region, Guinea",,
2925,1420000,05-03-2010 11:47,"Talcahuano, Chile",,
323,49130000,16-03-2010 02:21,"Tomé, Chile",,
1619,48060000,22-05-2015 21:45,"Kirakira, Islands",,
1870,19920000,10-07-2015 04:12,"Malango, Islands",,
3830,22800000,23-01-2018 09:31,"Chiniak, Alaska",,
3544,19750000,14-08-2022 13:44,"the Kermadec, Islands",,
2054,100000,21-12-2012 22:28,"Sola, Vanuatu",,
4893,30610000,21-05-2003 18:44,"Dellys, Algeria",,
860,17570000,24-09-2013 11:29,"Bela, Pakistan",,
1336,20560000,18-08-2020 22:23,"Bengkulu, Indonesia",,
997,31000000,14-07-2010 08:32,"Cañete, Chile",,
4505,28140000,27-07-2015 21:41,"Abepura, Indonesia",,
765,45610000,15-12-2017 16:47,"Kawalu, Indonesia",,
4193,12660000,28-05-2006 03:12,"Kimbe, Guinea",,
722,29760000,06-02-2013 01:12,"Lata, Islands",,
2654,23040000,12-11-2022 07:09,,,
1205,5840000,04-01-2006 08:32,"Bahía de Kino, Mexico",,
671,49210000,13-04-2014 12:36,"Kirakira, Islands",,
995,15170000,20-05-2015 22:48,"Lata, Islands",,
3045,6590000,25-04-2015 06:45,"Bharatpur, Nepal",,
1213,49750000,09-04-2008 12:46,"Isangel, Vanuatu",,
479,2640000,27-05-2010 17:14,"Sola, Vanuatu",,
319,9800000,21-08-2003 12:12,"Te Anau, Zealand",,
4702,320000,13-11-2016 11:02,"Amberley, Zealand",,
2313,47690000,29-05-2015 07:00,"Ugashik, Alaska",,
291,18640000,23-06-2014 20:06,"Kermadec Islands, Zealand",,
4119,1510000,30-10-2016 06:40,"Preci, Italy",,
81,5760000,24-10-2012 00:45,"Costa, Rica",,
3524,44550000,01-04-2014 23:57,"Iquique, Chile",,
4839,31990000,20-07-2017 22:31,"Kos, Greece",,
1294,34240000,14-10-2014 03:51,"Intipucá, Salvador",,
3699,29830000,07-07-2019 15:08,"Kota Ternate, Indonesia",,
2759,33150000,20-08-2011 18:19,"Port-Vila, Vanuatu",,
1554,24840000,19-10-2020 20:54,"Sand Point, Alaska",,
4742,37030000,16-12-2007 08:09,"Ant, Ant",,
3275,4510000,29-05-2017 14:35,"Poso, Indonesia",,
2848,36220000,05-01-2019 19:25,"Tarauaca, Brazil",,
3617,22700000,02-01-2002 17:22,"Port-Vila, Vanuatu",,
4036,41540000,12-10-2001 15:02,"Inarajan Village, Guam",,
423,3740000,19-04-2014 13:28,"Panguna, Guinea",,
1150,11790000,04-03-2010 14:02,"Sola, Vanuatu",,
1757,6220000,20-08-2011 17:13,"Port-Vila, Vanuatu",,
2406,28830000,16-06-2010 03:16,"Biak, Indonesia",,
1742,5190000,06-09-2018 15:49,"Levuka, Fiji",,
1096,27020000,12-05-2008 06:28,"Tianpeng, China",,
3587,24040000,12-01-2010 21:53,"Léogâne, Haiti",,
2562,1020000,12-10-2012 00:31,"Tual, Indonesia",,
253,5110000,23-06-2014 19:19,"Kermadec Islands, Zealand",,
4687,35000000,12-04-2012 07:15,"San Luis, Mexico",,
30,17130000,11-01-2022 11:35,"Nikolski, Alaska",,
241,12470000,06-05-2020 13:53,"Banda, Sea",,
916,32800000,14-09-2022 11:04,"Isangel, Vanuatu",,
4997,45960000,06-02-2013 01:54,"Lata, Islands",,
4608,29230000,20-01-2003 08:43,"Kirakira, Islands",,
2755,7770000,21-12-2016 00:17,"Lospalos, Leste",,
3709,38590000,22-05-2006 11:12,"Tilichiki, Russia",,
4924,42900000,22-05-2015 23:59,"Kirakira, Islands",,
3352,23710000,08-06-2022 00:55,"Tarauacá, Brazil",,
2877,49510000,10-08-2015 04:12,"Malango, Islands",,
3040,8470000,10-10-2018 20:48,"Kimbe, Guinea",,
599,7660000,13-01-2007 04:23,"the Kuril, Islands",,
2461,37540000,06-12-2004 14:15,"Nemuro, Japan",,
4567,44650000,12-09-2007 23:49,"Sungai Penuh, Indonesia",,
1621,60000,10-05-2017 23:23,,,
3227,47680000,13-06-2007 19:29,"Iztapa, Guatemala",,
2643,30790000,12-05-2015 07:05,"Nepal, Nepal",,
4730,17080000,02-11-2004 10:02,"Port McNeill, Canada",,
1039,34040000,05-07-2001 13:53,"Achanizo, Peru",,
4926,3680000,05-03-2010 16:07,"Bengkulu, Indonesia",,
2634,5330000,14-08-2021 12:29,"Nippes, Haiti",,
94,11990000,28-07-2012 20:03,"Kokopo, Guinea",,
1875,48340000,15-06-2013 17:34,"Masachapa, Nicaragua",,
4113,42550000,13-04-2010 23:49,"Qamdo, China",,
4259,7620000,26-12-2004 09:20,,,
3257,16800000,30-09-2009 10:16,"Pariaman, Indonesia",,
4204,9330000,08-09-2002 18:44,"Aitape, Guinea",,
4675,36550000,16-01-2001 13:25,"Bengkulu, Indonesia",,
3221,37830000,11-02-2009 17:34,"Sarangani, Philippines",,
372,1450000,20-02-2007 08:04,,,
3117,16590000,28-09-2013 07:34,"Khuzdar, Pakistan",,
643,38030000,30-03-2022 20:56,"Tadine, Caledonia",,
795,6070000,10-09-2022 23:47,"Kainantu, Guinea",,
1535,36510000,04-08-2010 22:01,"Kimbe, Guinea",,
811,37580000,07-11-2006 17:38,"Kimbe, Guinea",,
4411,10910000,02-02-2013 14:17,"Obihiro, Japan",,
1872,31460000,05-04-2004 21:24,,,
1026,7140000,29-11-2007 19:00,"Basse-Pointe, Martinique",,
4093,24740000,08-12-2016 17:38,"Kirakira, Islands",,
1653,31480000,19-10-2016 00:26,"Pamanukan, Indonesia",,
2120,25740000,10-10-2002 10:50,"Manokwari, Indonesia",,
3151,28500000,31-10-2019 01:11,"Kisante, Philippines",,
1833,22400000,03-02-2002 07:11,"Sultanda??, Turkey",,
4446,49760000,01-08-2019 18:28,"San Antonio, Chile",,
3065,43220000,26-10-2015 09:09,"Hindu Kush region, Afghanistan",,
734,970000,14-06-2017 07:29,"San Pablo, Guatemala",,
3674,7960000,28-10-2012 03:04,"Prince Rupert, Canada",,
2451,34490000,12-10-2013 13:11,"Kíssamos, Greece",,
4976,30160000,08-02-2013 15:26,"Lata, Islands",,
4416,80000,17-04-2012 07:13,"Lae, Guinea",,
932,23890000,18-08-2020 22:29,"Bengkulu, Indonesia",,
3820,8790000,14-11-2001 09:26,"Southern Qinghai, China",,
4801,41430000,15-07-2009 09:22,"Te Anau, Zealand",,
415,27200000,23-01-2015 03:47,"Port-Vila, Vanuatu",,
1002,31440000,29-07-2021 06:15,"Perryville, Alaska",,
788,39210000,15-07-2013 14:03,,,
4636,12550000,11-01-2022 11:35,"Nikolski, Alaska",,
3796,10270000,23-07-2010 22:51,"Bantogon, Philippines",,
1877,42100000,22-11-2007 08:48,"Lae, Guinea",,
234,32600000,12-09-2007 23:49,"Sungai Penuh, Indonesia",,
578,2060000,14-02-2011 03:40,"Constitución, Chile",,
534,15980000,10-01-2010 00:27,"Ferndale, California",,
3050,22000000,21-04-2022 07:42,"Masachapa, Nicaragua",,
1324,35830000,31-10-2013 23:03,"Coquimbo, Chile",,
2100,15020000,11-01-2022 12:39,"Nikolski, Alaska",,
1505,19000000,09-01-2001 16:49,"Port-Olry, Vanuatu",,
2318,42370000,12-02-2008 12:50,"General Pascual Fentes, Mexico",,
200,27700000,28-01-2020 19:10,"Lucea, Jamaica",,
3730,42260000,18-04-2014 14:27,"Coyuquilla Norte, Mexico",,
280,35840000,09-09-2018 19:31,"Kirakira, Islands",,
2276,44500000,24-09-2016 21:28,,,
1663,48110000,12-09-2007 23:49,"Sungai Penuh, Indonesia",,
4525,19260000,18-08-2020 00:03,"San Pedro, Philippines",,
4667,23250000,26-03-2018 09:51,"Kimbe, Guinea",,
4255,37210000,14-03-2010 08:08,"Namie, Japan",,
4725,360000,14-08-2021 11:57,"Perryville, Alaska",,
4067,10570000,13-03-2022 21:09,"Pariaman, Indonesia",,
3608,18340000,05-01-2010 12:15,"Gizo, Islands",,
152,40750000,18-11-2018 20:25,"Levuka, Fiji",,
4588,38660000,24-10-2007 21:02,"Bengkulu, Indonesia",,
2417,10510000,23-07-2008 15:26,"Morioka, Japan",,
568,1880000,07-02-2004 02:42,"Papua, Indonesia",,
554,35650000,11-11-2015 02:46,"Coquimbo, Chile",,
1273,3990000,23-06-2014 20:53,"Rat Islands, Alaska",,
2571,810000,22-09-2021 09:57,"Jiquilillo, Nicaragua",,
1076,25550000,13-01-2001 17:33,"Puerto El Triunfo, Salvador",,
2195,33140000,13-11-2017 02:28,"Parrita, Rica",,
1075,24320000,13-08-2013 15:43,"Bahía Solano, Colombia",,
2452,1240000,29-12-2021 18:25,"Lospalos, Leste",,
539,15930000,06-02-2013 01:23,"Lata, Islands",,
4054,24220000,26-05-2003 09:24,"?funato, Japan",,
486,12000000,07-12-2014 01:22,"Panguna, Guinea",,
3146,1070000,31-10-2017 00:42,"Tadine, Caledonia",,
528,28330000,21-01-2003 02:46,"Puerto San José, Guatemala",,
473,6450000,30-09-2018 10:52,"Levuka, Fiji",,
4440,44620000,01-09-2020 04:09,"Vallenar, Chile",,
1361,35210000,12-08-2010 11:54,"Ecuador, Ecuador",,
4154,6720000,04-03-2021 19:28,"Kermadec Islands, Zealand",,
2802,7970000,23-07-2021 20:48,"Hukay, Philippines",,
1109,49880000,16-06-2010 03:58,"Biak, Indonesia",,
2933,770000,09-11-2009 10:44,"Ba, Fiji",,
3956,49560000,27-12-2003 16:00,"Tadine, Caledonia",,
44,17410000,07-04-2011 13:11,"Helio García Alfaro, Mexico",,
622,6840000,20-04-2006 23:25,"Tilichiki, Russia",,
1406,21090000,12-08-2015 18:49,"Gizo, Islands",,
3706,1140000,03-05-2006 15:26,"Pangai, Tonga",,
4047,14980000,26-04-2002 16:06,"Merizo Village, Guam",,
1243,1090000,15-10-2013 00:12,"Sagbayan, Philippines",,
4879,34360000,24-06-2019 02:53,"Saumlaki, Indonesia",,
27,45730000,11-04-2014 20:29,"Belén, Nicaragua",,
808,36980000,24-02-2008 14:46,"Sungai Penuh, Indonesia",,
1021,34580000,06-07-2017 08:03,"Lim-oo, Philippines",,
1871,8640000,05-03-2002 21:16,"Mindanao, Philippines",,
4889,16070000,26-12-2004 04:21,"Sabang, Indonesia",,
4761,48130000,15-10-2006 17:07,"Puako, Hawaii",,
3022,20940000,05-09-2022 04:52,"Kangding, China",,
842,15900000,05-12-2018 04:18,"Tadine, Caledonia",,
220,9010000,31-07-2011 23:38,"Angoram, Guinea",,
3919,39010000,29-06-2014 07:52,,,
4257,17750000,29-10-2019 01:04,"Columbio, Philippines",,
4253,32660000,03-05-2006 15:26,"Pangai, Tonga",,
4265,34920000,17-09-2015 04:10,"Illapel, Chile",,
4464,24510000,03-04-2014 02:43,"Iquique, Chile",,
2895,3470000,06-01-2019 17:27,"Molucca, Sea",,
1655,27370000,31-08-2012 12:47,"Sulangan, Philippines",,
3361,49730000,08-10-2009 08:28,"Sola, Vanuatu",,
91,20460000,19-04-2014 01:04,"Panguna, Guinea",,
4811,22930000,03-01-2010 21:48,"Gizo, Islands",,
2005,14890000,04-08-2010 07:15,"Madang, Guinea",,
3858,4580000,09-09-2005 07:26,"Kokopo, Guinea",,
3269,10120000,17-11-2015 07:10,"Lefkáda, Greece",,
712,39540000,29-07-2021 06:15,"Perryville, Alaska",,
2358,3040000,12-11-2017 18:18,"?alabja, Iraq",,
2506,18380000,19-04-2001 21:43,"Panguna, Guinea",,
1740,3890000,28-04-2016 19:33,"Norsup, Vanuatu",,
3746,35230000,19-02-2005 00:04,"Katabu, Indonesia",,
2147,21940000,09-02-2013 14:16,"Yacuanquer, Colombia",,
355,45710000,11-03-2011 06:25,"Kamaishi, Japan",,
2224,21440000,28-05-2016 09:46,,,
228,5770000,11-08-2021 17:46,"Pondaguitan, Philippines",,
487,49720000,03-02-2022 15:58,"Barranca, Peru",,
857,45080000,25-12-2003 07:11,"Progreso, Panama",,
4191,1470000,03-05-2006 15:26,"Pangai, Tonga",,
3683,34400000,14-08-2021 11:57,"Perryville, Alaska",,
2532,37780000,29-04-2006 16:58,"Tilichiki, Russia",,
4404,22870000,08-02-2005 14:48,"Sola, Vanuatu",,
1484,300000,17-10-2016 06:14,"Kandrian, Guinea",,
1198,38900000,15-11-2014 02:31,"Ternate, Indonesia",,
3251,7950000,27-06-2008 11:40,"Bamboo Flat, India",,
3107,49980000,16-08-2013 02:31,"Blenheim, Zealand",,
239,22110000,26-12-2006 12:34,"Hengchun, Taiwan",,
684,43700000,11-04-2014 07:07,"Panguna, Guinea",,
3945,18260000,29-03-2018 21:25,"Kimbe, Guinea",,
2908,35380000,10-12-2012 16:53,"Banda, Sea",,
388,11760000,24-05-2013 14:56,"Okhotsk, Okhotsk",,
4300,48630000,15-11-2007 15:05,"Ant, Ant",,
2837,27380000,28-02-2013 14:05,"Ozernovskiy, Russia",,
1322,3460000,06-12-2016 22:03,"Reuleuet, Indonesia",,
1236,4830000,09-02-2013 21:02,"Lata, Islands",,
4744,38380000,20-02-2008 08:08,"Sinabang, Indonesia",,
3892,12910000,10-01-2018 02:51,"Barra Patuca, Honduras",,
3162,28990000,11-01-2022 11:35,"Nikolski, Alaska",,
351,41530000,13-05-2014 06:35,"Punta de Burica, Panama",,
4077,18360000,08-09-2017 04:49,"Chiapas, Mexico",,
3980,27100000,04-11-2017 09:00,"Hihifo, Tonga",,
878,44810000,01-09-2016 16:37,"Gisborne, Zealand",,
1414,9030000,25-04-2021 22:28,"Haveluloto, Tonga",,
1804,1600000,12-05-2015 21:12,"?funato, Japan",,
3236,27870000,18-02-2014 09:27,"Greenland, Barbados",,
4812,14420000,28-10-2011 18:54,"Santiago, Peru",,
3631,4000000,07-07-2013 18:35,"Kokopo, Guinea",,
3457,40960000,11-01-2021 21:32,"Turt, Mongolia",,
645,20860000,02-03-2005 10:42,"Banda, Sea",,
70,20980000,25-09-2013 16:42,"Atiquipa, Peru",,
3922,3310000,20-03-2008 22:32,"Hotan, China",,
3558,11240000,31-07-2019 15:02,"Lakatoro, Vanuatu",,
2847,23570000,14-12-2021 03:20,"Flores, Sea",,
4827,46620000,02-11-2002 01:26,"Sinabang, Indonesia",,
3527,12920000,05-09-2004 10:07,"Shing?, Japan",,
1296,24390000,13-02-2021 14:07,"Namie, Japan",,
2068,6360000,15-11-2006 11:14,"Kuril, Islands",,
2108,14580000,26-04-2015 07:09,"Kod?ri??, Nepal",,
4520,48190000,25-02-2008 18:06,"Padang, Indonesia",,
2711,9570000,31-10-2003 01:06,"Ishinomaki, Japan",,
3241,11480000,23-06-2009 14:19,"Kokopo, Guinea",,
1345,5050000,23-06-2001 20:33,"Atico, Peru",,
1946,45970000,13-06-2005 22:44,"Iquique, Chile",,
3079,19770000,10-11-2021 15:45,"Hirara, Japan",,
4862,38280000,08-10-2004 08:27,"Kirakira, Islands",,
2171,35360000,30-03-2010 16:54,"Bamboo Flat, India",,
416,49800000,12-09-2007 11:10,"Bengkulu, Indonesia",,
1372,32980000,05-02-2004 21:05,"Nabire, Indonesia",,
4173,39300000,24-10-2009 14:40,"Tual, Indonesia",,
4546,49690000,07-05-2008 16:45,"Hasaki, Japan",,
912,29480000,01-11-2017 02:23,"Tadine, Caledonia",,
2660,11120000,11-01-2022 11:35,"Nikolski, Alaska",,
3270,23170000,17-06-2002 21:26,"Sola, Vanuatu",,
3861,45630000,30-08-2013 16:25,"Atka, Alaska",,
2118,2660000,06-09-2004 23:29,"Shing?, Japan",,
427,27180000,12-08-2016 01:26,"the Loyalty, Islands",,
3009,36800000,22-10-2018 06:16,"Port McNeill, Canada",,
813,31850000,21-03-2012 22:15,"Kainantu, Guinea",,
1590,34880000,01-06-2016 22:56,"Sungai Penuh, Indonesia",,
1363,8960000,14-02-2008 10:09,"Methóni, Greece",,
4360,25200000,09-05-2010 05:59,"Meulaboh, Indonesia",,
2894,49500000,13-04-2016 13:55,"Mawlaik, Myanmar",,
1551,14470000,25-10-2013 17:10,"off the east coast of Honshu, Japan",,
4759,24970000,21-07-2014 14:54,,,
3863,33970000,18-08-2021 10:10,"Port-Olry, Vanuatu",,
1193,41940000,14-11-2007 15:40,"Tocopilla, Chile",,
1437,34060000,01-01-2001 06:57,"Lukatan, Philippines",,
2139,26780000,29-07-2021 06:15,"Perryville, Alaska",,
1426,20990000,03-03-2008 14:11,,,
4685,27010000,16-02-2022 20:21,"the Fiji, Islands",,
2827,24660000,18-07-2015 02:27,"Lata, Islands",,
2576,45090000,09-04-2019 17:53,"Bristol Island, Islands",,
4626,9870000,30-09-2013 05:55,"Kermadec Islands, Zealand",,
3923,49770000,23-10-2002 11:27,"Cantwell, Alaska",,
3505,28010000,24-08-2014 23:21,"Aniso, Peru",,
430,24880000,11-04-2014 08:16,"Panguna, Guinea",,
4803,46180000,07-05-2015 07:10,"Panguna, Guinea",,
3829,11080000,14-03-2006 06:57,"Ambon, Indonesia",,
2101,34540000,25-02-2008 08:36,"Sungai Penuh, Indonesia",,
3969,400000,27-08-2019 23:55,"Bristol Island, Islands",,
4316,17960000,11-01-2022 12:39,"Nikolski, Alaska",,
2255,7210000,07-12-2012 08:18,"?funato, Japan",,
1262,33510000,06-04-2016 06:58,"Sola, Vanuatu",,
654,3220000,24-02-2017 17:28,"the Fiji, Islands",,
4774,7190000,08-10-2004 14:36,"Talisay, Philippines",,
3239,22900000,26-05-2019 07:41,"Navarro, Peru",,
1407,21960000,17-07-2020 02:50,"Popondetta, Guinea",,
2949,1900000,03-09-2011 22:55,"Isangel, Vanuatu",,
498,26180000,10-02-2021 13:19,"the Loyalty, Islands",,
1542,4940000,01-04-2014 23:46,"Iquique, Chile",,
2923,24520000,20-03-2005 01:53,"Maebaru-ch??, Japan",,
567,41910000,22-02-2006 22:19,"Chipinge, Zimbabwe",,
1591,6240000,22-10-2018 06:22,"Port McNeill, Canada",,
2053,5930000,19-01-2005 06:11,"Katsuura, Japan",,
1127,25620000,19-07-2008 02:39,"Namie, Japan",,
4768,35730000,22-03-2022 17:41,"Hualien City, Taiwan",,
3929,2790000,11-02-2011 20:05,"Tomé, Chile",,
4063,38000000,02-08-2019 12:03,"Labuan, Indonesia",,
3826,45950000,16-11-2014 22:33,"Gisborne, Zealand",,
4832,40880000,01-05-2015 08:06,"Kokopo, Guinea",,
1589,21340000,10-05-2011 08:55,"Wé, Caledonia",,
4075,21080000,16-09-2018 21:11,"the Fiji, Islands",,
13,41030000,02-03-2016 12:49,"Sumatra, Indonesia",,
1618,20500000,05-09-2012 14:42,"Hojancha, Rica",,
706,1080000,09-11-2022 10:14,,,
2375,48230000,24-09-2015 15:53,"Sorong, Indonesia",,
107,40270000,09-11-2022 09:51,"the Fiji, Islands",,
2230,27080000,03-03-2002 12:08,"Jurm, Afghanistan",,
1502,10790000,22-11-2022 02:03,"Malango, Islands",,
2329,4880000,27-08-2012 04:37,"Puerto El Triunfo, Salvador",,
2182,29560000,17-11-2005 19:26,"San Pedro de Atacama, Chile",,
3003,38580000,14-05-2005 05:05,"Padangsidempuan, Indonesia",,
4002,37260000,21-07-2013 05:09,"Blenheim, Zealand",,
3426,47830000,07-11-2017 21:26,"Angoram, Guinea",,
2469,32070000,20-10-2022 11:57,"Boca Chica, Panama",,
133,7340000,16-09-2015 23:18,"Illapel, Chile",,
4918,39370000,03-04-2016 08:23,"Port-Olry, Vanuatu",,
732,19010000,07-12-2015 07:50,"Murghob, Tajikistan",,
2241,12250000,19-10-2001 03:28,"Kendari, Indonesia",,
1486,40900000,18-05-2016 07:57,"Muisne, Ecuador",,
2728,22180000,14-01-2016 03:25,"Shizunai-furukawach?, Japan",,
2888,9940000,12-04-2019 11:40,"Luwuk, Indonesia",,
3465,32950000,01-09-2006 10:18,"Panguna, Guinea",,
752,25450000,30-04-2006 21:40,"Copiapó, Chile",,
2298,30890000,07-04-2006 08:30,"Lautoka, Fiji",,
1174,40240000,05-02-2002 13:27,"Kimbe, Guinea",,
2464,24360000,26-11-2004 02:25,"Nabire, Indonesia",,
2281,35550000,24-01-2020 17:55,"Do?anyol, Turkey",,
3007,6500000,11-07-2014 19:22,"Namie, Japan",,
1955,17030000,28-11-2004 18:32,"Nemuro, Japan",,
1887,34840000,05-08-2018 11:46,"Labuan Lombok, Indonesia",,
3536,16840000,05-05-2015 01:44,"Kokopo, Guinea",,
3795,12680000,02-04-2018 13:40,"Boyuibe, Bolivia",,
4881,25320000,19-07-2008 02:39,"Namie, Japan",,
1601,38320000,19-09-2022 18:05,"Aguililla, Mexico",,
4843,3420000,11-01-2022 12:39,"Nikolski, Alaska",,
150,27900000,10-04-2016 10:28,"Ashk?sham, Afghanistan",,
1966,38140000,25-03-2007 00:40,"Isangel, Vanuatu",,
3602,36280000,03-06-2020 07:35,"San Pedro de Atacama, Chile",,
1745,13770000,26-05-2022 12:02,"Azángaro, Peru",,
1050,15760000,26-02-2005 12:56,"Sinabang, Indonesia",,
3662,4170000,17-08-2018 15:35,"Labuan Bajo, Indonesia",,
252,16110000,05-09-2004 14:57,"Shing?, Japan",,
176,5320000,28-02-2001 18:54,"Longbranch, Washington",,
299,42820000,10-10-2002 12:28,"Manokwari, Indonesia",,
506,47530000,29-03-2015 23:48,"Kokopo, Guinea",,
2222,23240000,17-09-2014 06:14,"Piti Village, Guam",,
2465,3190000,18-09-2022 06:44,"Yujing, Taiwan",,
2585,16240000,15-04-2016 16:25,"Kumamoto, Japan",,
3801,48410000,01-01-2014 16:03,"Sola, Vanuatu",,
178,5710000,11-11-2012 01:12,"Shwebo, Myanmar",,
71,18670000,19-07-2008 02:39,"Namie, Japan",,
4582,12900000,20-12-2007 07:55,"Gisborne, Zealand",,
1908,16850000,12-08-2021 18:35,,,
3586,27400000,11-01-2022 12:39,"Nikolski, Alaska",,
4828,27990000,23-06-2014 19:21,"Kermadec Islands, Zealand",,
1339,46080000,22-07-2020 06:12,"Perryville, Alaska",,
4772,1750000,08-11-2019 10:44,"Ndoi Island, Fiji",,
4059,19640000,01-11-2014 18:57,,,
1056,23020000,11-11-2022 10:48,"Neiafu, Tonga",,
2697,440000,10-10-2018 23:16,"Severo-Kuril’sk, Russia",,
1176,33560000,23-05-2013 17:19,"Vaini, Tonga",,
4006,16470000,07-10-2009 22:18,"Sola, Vanuatu",,
4012,28340000,28-07-2004 03:56,"Manokwari, Indonesia",,
4583,11720000,02-06-2017 22:24,"Attu Station, Alaska",,
2560,330000,10-01-2012 18:36,"off the west coast of northern, Sumatra",,
4484,17330000,18-05-2016 16:46,"Rosa Zarate, Ecuador",,
62,3340000,26-06-2010 05:30,"Kirakira, Islands",,
2708,27430000,24-04-2017 21:38,"Valparaíso, Chile",,
2891,41010000,07-11-2012 16:35,"Champerico, Guatemala",,
4903,13400000,22-01-2019 19:01,,,
721,1040000,06-11-2003 10:38,"Isangel, Vanuatu",,
3902,18970000,13-06-2008 23:43,"Mizusawa, Japan",,
292,23050000,27-02-2010 06:34,"Quirihue, Chile",,
2747,38990000,04-04-2010 22:40,,,
1616,49390000,12-05-2021 14:05,,,
2188,6520000,04-07-2014 15:00,"Kokopo, Guinea",,
1097,17310000,06-03-2018 14:13,"Tari, Guinea",,
4842,30750000,21-09-2003 18:16,"Taungdwingyi, Myanmar",,
4798,33570000,16-03-2021 18:38,"Ust’-Kamchatsk Staryy, Russia",,
4393,30200000,02-02-2014 09:26,"the Kermadec, Islands",,
4999,37950000,03-11-2002 22:12,"Cantwell, Alaska",,
978,45660000,17-04-2015 15:52,"Alo, Futuna",,
1648,4060000,22-06-2017 12:31,"Puerto San José, Guatemala",,
368,24930000,13-01-2011 16:16,"Tadine, Caledonia",,
757,41480000,18-04-2002 16:08,"Copiapó, Chile",,
678,12780000,11-03-2011 08:19,"Hasaki, Japan",,
1085,41250000,19-05-2022 10:13,,,
692,33350000,25-12-2016 14:22,"Quellón, Chile",,
121,41500000,05-02-2005 12:23,"Palimbang, Philippines",,
2017,29810000,24-08-2016 10:34,"Chauk, Myanmar",,
3708,44610000,11-04-2010 09:40,"Kirakira, Islands",,
2935,45700000,25-03-2003 02:53,"Ruteng, Indonesia",,
4606,33130000,17-12-2015 19:49,"Manuel Ávila Camacho (Ponte Duro), Mexico",,
2414,11840000,22-09-2022 06:16,"Aguililla, Mexico",,
3971,47790000,11-04-2011 08:16,"Ishikawa, Japan",,
2226,5910000,21-09-2015 17:40,"Illapel, Chile",,
185,18520000,22-11-2004 20:26,"Riverton, Zealand",,
4652,24070000,11-12-2011 01:47,"Nuevo Balsas, Mexico",,
1116,29980000,02-07-2005 02:16,"San Juan del Sur, Nicaragua",,
1053,23930000,25-10-2018 22:54,"Lithakiá, Greece",,
3025,32400000,01-05-2021 01:27,,,
4535,17660000,30-10-2009 07:03,"Naze, Japan",,
4614,17940000,26-08-2012 15:05,"Tobelo, Indonesia",,
4213,48270000,16-04-2013 22:55,"Aitape, Guinea",,
4025,48150000,19-07-2008 02:39,"Namie, Japan",,
4201,7360000,10-04-2005 10:29,"Padang, Indonesia",,
927,45750000,10-05-2022 23:06,"San Antonio de los Cobres, Argentina",,
2165,45000000,11-04-2012 10:43,"off the west coast of northern, Sumatra",,
812,23290000,13-06-2013 16:47,"Java, Indonesia",,
4140,10070000,06-07-2011 19:03,,,
3136,21460000,09-05-2017 13:52,"Port-Olry, Vanuatu",,
3812,27240000,16-11-2008 17:02,"Gorontalo, Indonesia",,
3254,46870000,16-07-2007 14:17,"Mikuni, Japan",,
249,27690000,21-08-2020 04:09,"Katabu, Indonesia",,
3750,25100000,26-02-2010 20:31,"Katsuren-haebaru, Japan",,
603,17350000,29-09-2003 02:36,"Kushiro, Japan",,
2537,5680000,13-09-2002 22:28,"Bamboo Flat, India",,
4122,32750000,11-01-2022 11:35,"Nikolski, Alaska",,
3551,150000,25-12-2010 13:16,"Isangel, Vanuatu",,
4396,28150000,22-08-2021 21:33,,,
3182,15860000,21-05-2021 18:04,"Southern Qinghai, China",,
764,46470000,24-04-2021 00:23,"Pangai, Tonga",,
34,33310000,17-07-2017 23:34,,,
275,41850000,20-06-2003 13:30,"Ovalle, Chile",,
1048,10000,12-12-2005 21:47,"Ashk?sham, Afghanistan",,
136,27590000,25-10-2010 14:42,"Sungai Penuh, Indonesia",,
3143,43680000,11-03-2010 14:55,"Santa Cruz, Chile",,
4382,18440000,14-01-2018 09:18,"Atiquipa, Peru",,
1935,23080000,13-11-2015 20:51,"Makurazaki, Japan",,
2105,34450000,11-12-2018 02:26,,,
1045,3500000,19-11-2005 14:10,"Sinabang, Indonesia",,
2520,5010000,18-07-2010 13:34,"New Britain region, Guinea",,
4967,1740000,11-01-2022 12:39,"Nikolski, Alaska",,
3958,4400000,22-06-2011 21:50,"Miyako, Japan",,
830,16510000,25-02-2018 17:44,"Tari, Guinea",,
1371,9530000,31-03-2020 23:52,"Stanley, Idaho",,
3108,6480000,29-09-2019 15:57,"Constitución, Chile",,
1452,5690000,06-02-2012 03:49,"Jimalalud, Philippines",,
1293,30560000,11-04-2012 22:55,"El Habillal, Mexico",,
4210,36900000,23-06-2020 15:29,"Santa María Xadani, Mexico",,
2941,25010000,21-01-2021 12:23,"Pondaguitan, Philippines",,
288,42030000,16-07-2015 15:16,"Bathsheba, Barbados",,
3626,16740000,30-05-2015 11:23,,,
3937,41820000,24-11-2015 22:45,"Iñapari, Peru",,
799,28910000,23-12-2001 22:52,"Malango, Islands",,
4680,30380000,23-10-2011 10:41,"Van, Turkey",,
2418,42560000,30-03-2015 08:48,"Hihifo, Tonga",,
3186,25410000,28-01-2004 22:15,"Ambon, Indonesia",,
2352,43470000,02-05-2020 12:51,"Néa Anatolí, Greece",,
1418,25890000,21-11-2016 20:59,"Namie, Japan",,
2277,36870000,11-11-2004 21:26,"Maubara, Leste",,
3198,35280000,14-05-2013 00:32,"Pagan region, Islands",,
1873,38570000,30-01-2013 20:15,"Vallenar, Chile",,
3779,26510000,08-09-2008 18:52,"Sola, Vanuatu",,
2797,42870000,13-09-2007 03:35,"Padang, Indonesia",,
597,45270000,16-07-2007 01:13,"Kashiwazaki, Japan",,
3989,40000,02-09-2009 07:55,"Banjar, Indonesia",,
1559,16710000,18-06-2002 13:56,"Monte Patria, Chile",,
4335,37370000,26-12-2004 00:58,"2004 Sumatra - Andaman Islands, Earthquake",,
2112,30000,03-01-2009 22:33,"Manokwari, Indonesia",,
2348,17630000,10-01-2003 13:11,"Kokopo, Guinea",,
3642,25060000,26-05-2003 19:23,"Tobelo, Indonesia",,
1963,41700000,29-01-2022 02:46,,,
3248,1320000,19-05-2005 01:54,"Singkil, Indonesia",,
417,930000,25-04-2015 06:11,"Bharatpur, Nepal",,
4969,19120000,12-09-2007 23:49,"Sungai Penuh, Indonesia",,
2373,13100000,14-02-2013 13:13,"Belaya Gora, Russia",,
4693,16490000,27-07-2015 04:49,"Fox Islands, Alaska",,
1145,18310000,28-11-2021 10:52,"Barranca, Peru",,
2754,47490000,04-09-2013 02:32,"Atka, Alaska",,
545,28950000,18-01-2011 20:23,"Dalbandin, Pakistan",,
4149,37910000,07-01-2015 05:07,"Punta de Burica, Panama",,
3900,31380000,15-06-2019 22:55,"L'Esperance Rock, Zealand",,
66,46170000,11-01-2022 11:35,"Nikolski, Alaska",,
3822,44150000,06-07-2019 03:19,,,
1184,38770000,08-12-2014 08:54,"Punta de Burica, Panama",,
2861,20020000,10-12-2003 04:38,"Yujing, Taiwan",,
3780,11660000,02-12-2010 03:12,"Kandrian, Guinea",,
1261,37970000,22-06-2002 02:58,"Abhar, Iran",,
4260,40650000,23-04-2004 01:50,"Naisano Dua, Indonesia",,
2610,41490000,28-04-2012 10:08,"Neiafu, Tonga",,
1984,30810000,13-11-2009 03:05,"Iquique, Chile",,
2481,21840000,16-04-2016 23:58,"Muisne, Ecuador",,
2196,2940000,04-11-2015 03:44,"Maubara, Leste",,
2690,1200000,28-04-2017 20:23,"Burias, Philippines",,
3839,30240000,22-12-2003 19:15,"San Simeon, California",,
3600,9810000,11-01-2022 12:39,"Nikolski, Alaska",,
4596,8770000,09-12-2015 10:21,"Amahai, Indonesia",,
3654,47520000,08-10-2017 22:34,"Attu Station, Alaska",,
1910,5780000,13-02-2001 19:28,"Bengkulu, Indonesia",,
298,26280000,03-04-2017 17:40,"Moijabana, Botswana",,
1492,26490000,21-01-2016 18:06,"La Cruz de Loreto, Mexico",,
3383,39730000,21-04-2012 01:16,"Manokwari, Indonesia",,
1256,25160000,10-02-2017 14:03,"Mabua, Philippines",,
2965,40090000,14-10-2011 03:35,"Finschhafen, Guinea",,
4648,3000000,19-10-2013 17:54,"Etchoropo, Mexico",,
3290,33110000,28-09-2018 10:02,"Palu, Indonesia",,
4247,39420000,10-09-2007 01:49,"Timbiquí, Colombia",,
970,14540000,09-12-2016 19:10,"Kirakira, Islands",,
316,29020000,16-10-2013 10:30,"Panguna, Guinea",,
3138,36310000,15-10-2004 04:08,"Yonakuni, Japan",,
80,41510000,30-10-2020 11:51,"Néon Karlovásion, Greece",,
766,540000,15-06-2005 02:50,"Big Lagoon, California",,
2906,39990000,28-03-2002 04:56,"Calama, Chile",,
1635,29440000,24-11-2015 22:50,"Iñapari, Peru",,
2681,26980000,14-12-2011 05:04,"Wau, Guinea",,
3104,33880000,24-08-2006 21:50,"Ozernovskiy, Russia",,
1973,48380000,18-07-2010 13:04,"Kimbe, Guinea",,
1434,32410000,11-03-2011 06:15,"?arai, Japan",,
4886,42960000,11-09-2008 00:00,"Tobelo, Indonesia",,
725,15590000,20-08-2011 16:55,"Port-Vila, Vanuatu",,
3571,13010000,19-08-2018 14:56,"Labuan Lombok, Indonesia",,
3717,18010000,20-12-2010 18:41,"Bam, Iran",,
492,28710000,11-11-2015 01:54,"Coquimbo, Chile",,
2820,43050000,04-11-2019 22:43,"Neiafu, Tonga",,
1136,4320000,08-01-2006 11:34,"Kýthira, Greece",,
101,23280000,21-08-2018 22:32,"Lakatoro, Vanuatu",,
3067,40590000,25-02-2008 21:02,"Padang, Indonesia",,
1201,15240000,01-08-2007 17:08,"Luganville, Vanuatu",,
3751,44240000,14-02-2008 12:08,"Koróni, Greece",,
627,49900000,29-07-2016 21:18,"Pagan region, Islands",,
4616,29240000,11-01-2022 01:07,"Pólis, Cyprus",,
1413,49940000,25-03-2007 00:41,"Nanao, Japan",,
334,26880000,02-03-2022 12:52,"Kermadec Islands, Zealand",,
48,49110000,03-09-2010 16:35,"Methven, Zealand",,
2216,5630000,14-08-2021 11:57,"Perryville, Alaska",,
3775,340000,21-02-2017 14:09,"Padilla, Bolivia",,
1171,7050000,17-09-2015 03:55,"Illapel, Chile",,
2655,35780000,08-10-2003 09:06,"Kushiro, Japan",,
3341,18080000,14-08-2021 11:57,"Perryville, Alaska",,
3419,43380000,16-10-2018 01:03,"Tadine, Caledonia",,
556,22340000,21-11-2014 10:10,"Tobelo, Indonesia",,
4629,48240000,07-01-2022 17:45,"northern Qinghai, China",,
606,26350000,11-03-2003 07:27,"Kokopo, Guinea",,
3618,40920000,27-02-2010 08:01,"Lebu, Chile",,
3526,47560000,31-08-2016 03:11,"Rabaul, Guinea",,
4526,27040000,09-08-2009 10:55,"?yama, Japan",,
3115,40190000,23-06-2015 12:18,,,
3850,19160000,04-03-2021 23:12,,,
2615,16520000,05-10-2008 15:52,"Nookat, Kyrgyzstan",,
1942,31550000,24-08-2018 09:04,"Iñapari, Peru",,
2371,13190000,08-08-2017 13:19,"Mawu, China",,
1129,48540000,30-11-2018 17:29,"Point MacKenzie, Alaska",,
1671,20160000,02-10-2021 06:29,,,
231,4850000,19-01-2017 23:04,"Kirakira, Islands",,
1057,15730000,26-12-2003 01:56,"Bam, Iran",,
1118,35410000,31-03-2022 05:44,"the Loyalty, Islands",,
625,44390000,20-09-2007 08:31,"Padang, Indonesia",,
4664,38860000,19-03-2001 05:52,"Ambon, Indonesia",,
535,35580000,29-09-2005 15:50,"Kokopo, Guinea",,
1376,3120000,01-09-2019 15:54,"Ndoi Island, Fiji",,
2779,31260000,05-09-2011 17:55,"Kabanjahe, Indonesia",,
4817,4840000,13-02-2020 10:33,"Kuril’sk, Russia",,
4055,9180000,23-10-2004 08:56,"Ojiya, Japan",,
18,12890000,08-08-2007 17:05,"Rengasdengklok, Indonesia",,
2795,41870000,31-03-2002 06:52,"Hualien City, Taiwan",,
3774,43260000,11-01-2022 11:35,"Nikolski, Alaska",,
2844,37250000,09-03-2011 02:45,"?funato, Japan",,
4750,37660000,15-12-2019 06:11,"Magsaysay, Philippines",,
1579,42890000,01-10-2013 03:38,"Okhotsk, Okhotsk",,
2293,5260000,16-11-2013 03:34,"Scotia, Sea",,
3928,43190000,07-07-2001 09:38,"Punta de Bombón, Peru",,
1102,11460000,06-04-2010 22:15,"Sinabang, Indonesia",,
897,13160000,22-01-2003 02:06,"Cuyutlán, Mexico",,
890,14750000,26-02-2012 06:17,"Saryg-Sep, Russia",,
3255,18860000,14-08-2002 13:57,"San Jose Village, Islands",,
2768,14330000,13-12-2017 18:03,,,
634,14160000,08-12-2016 21:56,"Kirakira, Islands",,
1722,24120000,24-03-2001 06:27,"Kure, Japan",,
1042,30720000,25-11-2007 16:02,"Dompu, Indonesia",,
1011,15700000,18-04-2002 05:02,"Nuxco, Mexico",,
2174,21480000,02-09-2007 01:05,"Lata, Islands",,
4863,1360000,03-01-2009 19:43,"Manokwari, Indonesia",,
590,41340000,09-11-2022 09:38,"the Fiji, Islands",,
1834,28360000,30-01-2016 03:25,"Mil’kovo, Russia",,
4645,24990000,30-04-2006 19:17,"Copiapó, Chile",,
444,30980000,16-08-2005 02:46,"Ishinomaki, Japan",,
2019,14990000,08-03-2018 17:39,"Kokopo, Guinea",,
2673,14190000,18-09-2011 12:40,"Mangan, India",,
806,46930000,26-11-2014 14:33,"Ternate, Indonesia",,
3296,980000,19-11-2017 15:09,"Tadine, Caledonia",,
3260,41230000,26-06-2001 04:18,"Pacocha, Peru",,
4325,8570000,17-10-2006 01:25,"Kimbe, Guinea",,
1508,30940000,10-06-2004 15:19,"Atlasovo, Russia",,
85,46990000,12-08-2021 18:32,,,
2237,49920000,13-04-2014 13:24,"Kirakira, Islands",,
747,33010000,15-08-2007 23:40,"San Vicente de Cañete, Peru",,
2587,28900000,18-11-2022 13:37,"Bengkulu, Indonesia",,
1030,13740000,07-02-2014 08:40,"Port-Olry, Vanuatu",,
3317,14950000,02-02-2012 13:34,"Port-Vila, Vanuatu",,
531,20370000,15-08-2018 21:56,"Adak, Alaska",,
3669,8370000,25-03-2012 22:37,"Constitución, Chile",,
1259,25650000,20-03-2012 18:02,"Santiago Llano Grande, Mexico",,
804,30270000,03-05-2006 15:26,"Pangai, Tonga",,
3110,44440000,27-11-2007 11:49,"Kirakira, Islands",,
3592,37020000,09-11-2018 01:49,"Olonkinbyen, Mayen",,
3096,28680000,28-03-2005 16:09,"Singkil, Indonesia",,
3912,33100000,30-04-2015 10:45,"Kokopo, Guinea",,
2595,29790000,01-03-2013 13:20,"Ozernovskiy, Russia",,
600,6860000,08-02-2013 11:12,"Lata, Islands",,
1435,31080000,07-02-2013 18:59,"Lata, Islands",,
222,29870000,14-08-2012 02:59,"Poronaysk, Russia",,
3185,44230000,26-09-2005 01:55,"Yurimaguas, Peru",,
4481,24550000,21-10-2010 17:53,"El Huitusi, Mexico",,
4258,42690000,22-08-2021 00:45,,,
3867,6250000,11-09-2008 00:20,"Obihiro, Japan",,
2233,21920000,10-03-2014 05:18,"Indianola, California",,
52,29360000,05-12-2005 12:19,"Kalemie, Republic",,
2689,20910000,08-10-2005 03:50,"Muzaffar?b?d, Pakistan",,
4094,43960000,15-02-2005 14:42,"Pulau-Pulau Talaud, Indonesia",,
3322,20190000,21-05-2021 22:13,"Alo, Futuna",,
1058,46890000,25-03-2020 02:49,"Severo-Kuril’sk, Russia",,
2975,41210000,14-05-2019 12:58,"Namatanai, Guinea",,
777,31820000,18-11-2003 17:14,"Can-Avid, Philippines",,
894,23780000,02-12-2014 05:11,"Sangay, Philippines",,
2296,22460000,17-07-2006 08:19,"Singaparna, Indonesia",,
3666,2050000,07-10-2009 23:13,"Sola, Vanuatu",,
4406,27950000,01-04-2007 21:11,"Panguna, Guinea",,
3627,36340000,07-10-2009 22:03,"Sola, Vanuatu",,
2324,28090000,13-06-2020 15:51,"Naze, Japan",,
4894,44660000,24-02-2001 07:23,"Ternate, Indonesia",,
2124,3700000,15-05-2020 11:03,"Monte Cristo Range, Earthquake",,
2122,20110000,24-06-2013 22:04,"northern Mid-Atlantic, Ridge",,
4708,26000000,07-04-2011 14:32,"Ishinomaki, Japan",,
3942,48100000,11-02-2015 18:57,"El Aguilar, Argentina",,
950,44260000,11-03-2011 05:46,"2011 Great Tohoku Earthquake, Japan",,
1074,43770000,27-07-2022 00:43,"Bantay, Philippines",,
2510,30130000,17-11-2013 09:04,"Scotia, Sea",,
1341,16910000,21-01-2007 11:27,"Ternate, Indonesia",,
2963,48960000,08-11-2015 16:47,,,
1091,25910000,06-07-2020 22:54,"Batang, Indonesia",,
3334,45290000,09-04-2004 15:23,"Sola, Vanuatu",,
3605,44120000,24-07-2005 15:42,,,
562,37400000,16-09-2011 19:26,"Miyako, Japan",,
3019,36080000,16-05-2006 15:28,"Singkil, Indonesia",,
1159,45650000,02-12-2001 13:01,"Hanamaki, Japan",,
2940,11210000,11-04-2012 08:38,"off the west coast of northern, Sumatra",,
4254,31490000,07-11-2014 03:33,"Finschhafen, Guinea",,
4921,46830000,03-08-2009 17:59,"Bahía de Kino, Mexico",,
4625,30800000,05-09-2018 18:07,"Chitose, Japan",,
3264,46700000,15-07-2003 18:46,"Rabaul, Guinea",,
3231,41650000,03-01-2017 21:52,"Nadi, Fiji",,
145,38700000,20-12-2018 17:01,"Ust’-Kamchatsk Staryy, Russia",,
394,49330000,14-01-2022 09:05,"Labuan, Indonesia",,
411,24090000,19-04-2013 03:05,"Kuril’sk, Russia",,
229,34900000,17-09-2022 13:41,"Lugu, Taiwan",,
3790,9640000,11-07-2017 07:00,,,
1537,22510000,08-11-2009 19:41,"Bima, Indonesia",,
1393,18420000,15-11-2004 09:06,"Pizarro, Colombia",,
2378,42700000,08-09-2021 01:47,"Acapulco, Mexico",,
297,500000,29-07-2021 06:15,"Perryville, Alaska",,
2484,41520000,19-09-2017 18:14,"Matzaco, Mexico",,
2649,21100000,03-01-2010 22:36,"Gizo, Islands",,
379,28850000,18-12-2001 04:02,"Yonakuni, Japan",,
2830,22200000,10-01-2001 16:02,"Old Harbor, Alaska",,
2818,27850000,24-08-2011 17:46,"Contamana, Peru",,
882,48320000,16-11-2007 03:13,"Macas, Ecuador",,
4311,39240000,23-11-2013 07:48,,,
4329,12010000,19-11-2017 22:43,"Tadine, Caledonia",,
4770,15690000,25-11-2003 20:19,"Kimbe, Guinea",,
123,39930000,03-05-2004 04:36,"Cañete, Chile",,
3854,2010000,03-01-2002 10:17,"Port-Vila, Vanuatu",,
656,6690000,20-03-2021 09:09,"Ishinomaki, Japan",,
24,11570000,16-08-2021 11:10,,,
829,10670000,04-08-2003 04:37,"Scotia, Sea",,
3671,45990000,26-09-2007 12:36,"Kokopo, Guinea",,
3753,15320000,20-06-2021 17:05,"Kermadec Islands, Zealand",,
2032,10720000,16-03-2014 21:16,"Iquique, Chile",,
2670,19680000,09-10-2004 21:26,"Masachapa, Nicaragua",,
1095,26100000,20-10-2006 10:48,"San Vicente de Cañete, Peru",,
2340,49010000,29-03-2017 04:09,"Ust’-Kamchatsk Staryy, Russia",,
3581,14730000,06-05-2019 21:19,"Bulolo, Guinea",,
2179,2600000,24-11-2016 18:43,"Puerto El Triunfo, Salvador",,
965,16170000,14-07-2019 09:10,"Laiwui, Indonesia",,
110,5430000,16-04-2013 10:44,"Kh?sh, Iran",,
677,18870000,07-04-2016 03:32,"Sola, Vanuatu",,
2030,30190000,22-10-2018 05:39,"Port McNeill, Canada",,
3907,45840000,11-01-2022 11:35,"Nikolski, Alaska",,
2330,13840000,07-11-2015 07:31,"Ovalle, Chile",,
3497,46650000,10-09-2018 04:19,,,
3339,46350000,19-03-2009 18:17,"‘Ohonua, Tonga",,
1104,23470000,11-10-2021 09:10,"Chignik, Alaska",,
2424,6560000,12-08-2009 22:48,"Tateyama, Japan",,
2750,33620000,07-08-2006 22:18,"Norsup, Vanuatu",,
2846,17810000,05-01-2013 08:58,"Edna Bay, Alaska",,
1724,20340000,30-09-2012 16:31,"San Agustín, Colombia",,
4282,33740000,28-05-2009 08:24,"Guanaja, Honduras",,
4013,32860000,28-07-2001 07:32,"Kokhanok, Alaska",,
3847,16980000,25-08-2008 13:21,"Jumla, Nepal",,
2810,39410000,10-03-2013 22:51,"Finschhafen, Guinea",,
3041,28490000,12-04-2014 20:14,"Kirakira, Islands",,
4488,16540000,30-05-2019 09:03,"La Libertad, Salvador",,
