magnitude,depth,latitude,longitude,date_time,number_of_buildings_impacted,economic_loss,tsunami
7.0,14.0,-9.7963,159.596,22-11-2022 02:03,1502,10790000,1
6.9,25.0,-4.9559,100.738,18-11-2022 13:37,2587,28900000,0
7.0,579.0,-20.0508,-178.346,12-11-2022 07:09,2654,23040000,1
7.3,37.0,-19.2918,-172.129,11-11-2022 10:48,1056,23020000,1
6.6,624.464,-25.5948,178.278,09-11-2022 10:14,706,1080000,1
7.0,660.0,-26.0442,178.381,09-11-2022 09:51,107,40270000,1
6.8,630.379,-25.9678,178.363,09-11-2022 09:38,590,41340000,1
6.7,20.0,7.6712,-82.3396,20-10-2022 11:57,2469,32070000,1
6.8,20.0,18.33,-102.913,22-09-2022 06:16,2414,11840000,1
7.6,26.943,18.3667,-103.252,19-09-2022 18:05,1601,38320000,1
6.9,10.0,23.1444,121.307,18-09-2022 06:44,2465,3190000,1
6.5,10.0,23.029,121.348,17-09-2022 13:41,229,34900000,1
7.0,137.0,-21.2077,170.239,14-09-2022 11:04,916,32800000,1
7.6,116.0,-6.2237,146.471,10-09-2022 23:47,795,6070000,1
6.6,12.0,29.7263,102.279,05-09-2022 04:52,3022,20940000,0
6.6,30.0,-32.6922,-178.959,14-08-2022 13:44,3544,19750000,1
7.0,33.729,17.5978,120.809,27-07-2022 00:43,1074,43770000,1
6.5,622.73,-9.0618,-71.1647,08-06-2022 00:55,3352,23710000,0
7.2,236.0,-14.8628,-70.3081,26-05-2022 12:02,1745,13770000,1
6.9,10.0,-54.1325,159.027,19-05-2022 10:13,1085,41250000,1
6.8,220.0,-23.6141,-66.7236,10-05-2022 23:06,927,45750000,1
6.6,27.0,11.5538,-86.9919,21-04-2022 07:42,3050,22000000,1
7.0,10.0,-22.5732,170.349,31-03-2022 05:44,1118,35410000,1
6.9,10.0,-22.72,170.277,30-03-2022 20:56,643,38030000,1
6.7,24.0,23.3421,121.636,22-03-2022 17:41,4768,35730000,1
7.3,41.0,37.7015,141.587,16-03-2022 14:36,502,20470000,1
6.7,28.0,-0.6831,98.6034,13-03-2022 21:09,4067,10570000,0
6.6,24.0,-30.0528,-177.74,02-03-2022 12:52,334,26880000,1
6.8,535.0,-23.7852,-179.968,16-02-2022 20:21,4685,27010000,1
6.5,110.0,-4.455,-76.9395,03-02-2022 15:58,487,49720000,0
6.5,8.0,-29.535,-176.729,29-01-2022 02:46,1963,41700000,1
6.6,33.0,-6.9291,105.251,14-01-2022 09:05,394,49330000,0
6.5,37.0,52.502,-168.08,11-01-2022 12:39,3600,9810000,1
6.5,37.0,52.502,-168.08,11-01-2022 12:39,4967,1740000,1
6.5,37.0,52.502,-168.08,11-01-2022 12:39,3586,27400000,1
6.5,37.0,52.502,-168.08,11-01-2022 12:39,4843,3420000,1
6.5,37.0,52.502,-168.08,11-01-2022 12:39,4316,17960000,1
6.5,37.0,52.502,-168.08,11-01-2022 12:39,2100,15020000,1
6.5,37.0,52.502,-168.08,11-01-2022 12:39,1756,30010000,1
6.5,37.0,52.502,-168.08,11-01-2022 12:39,2516,48050000,1
6.5,37.0,52.502,-168.08,11-01-2022 12:39,4867,39310000,1
6.5,37.0,52.502,-168.08,11-01-2022 12:39,3600,9810000,1
6.5,37.0,52.502,-168.08,11-01-2022 12:39,4967,1740000,1
6.5,37.0,52.502,-168.08,11-01-2022 12:39,3586,27400000,1
6.5,37.0,52.502,-168.08,11-01-2022 12:39,4843,3420000,1
6.5,37.0,52.502,-168.08,11-01-2022 12:39,4316,17960000,1
6.5,37.0,52.502,-168.08,11-01-2022 12:39,2100,15020000,1
6.5,37.0,52.502,-168.08,11-01-2022 12:39,1756,30010000,1
6.5,37.0,52.502,-168.08,11-01-2022 12:39,2516,48050000,1
6.5,37.0,52.502,-168.08,11-01-2022 12:39,4867,39310000,1
6.6,19.0,52.6252,-168.15,11-01-2022 12:39,3600,9810000,1
6.6,19.0,52.6252,-168.15,11-01-2022 12:39,4967,1740000,1
6.6,19.0,52.6252,-168.15,11-01-2022 12:39,3586,27400000,1
6.6,19.0,52.6252,-168.15,11-01-2022 12:39,4843,3420000,1
6.6,19.0,52.6252,-168.15,11-01-2022 12:39,4316,17960000,1
6.6,19.0,52.6252,-168.15,11-01-2022 12:39,2100,15020000,1
6.6,19.0,52.6252,-168.15,11-01-2022 12:39,1756,30010000,1
6.6,19.0,52.6252,-168.15,11-01-2022 12:39,2516,48050000,1
6.6,19.0,52.6252,-168.15,11-01-2022 12:39,4867,39310000,1
6.7,33.0,52.48,-167.736,11-01-2022 11:35,3907,45840000,1
6.7,33.0,52.48,-167.736,11-01-2022 11:35,3774,43260000,1
6.7,33.0,52.48,-167.736,11-01-2022 11:35,66,46170000,1
6.7,33.0,52.48,-167.736,11-01-2022 11:35,4122,32750000,1
6.7,33.0,52.48,-167.736,11-01-2022 11:35,2660,11120000,1
6.7,33.0,52.48,-167.736,11-01-2022 11:35,3162,28990000,1
6.7,33.0,52.48,-167.736,11-01-2022 11:35,4636,12550000,1
6.7,33.0,52.48,-167.736,11-01-2022 11:35,30,17130000,1
6.7,33.0,52.48,-167.736,11-01-2022 11:35,839,40410000,1
6.7,33.0,52.48,-167.736,11-01-2022 11:35,3907,45840000,1
6.7,33.0,52.48,-167.736,11-01-2022 11:35,3774,43260000,1
6.7,33.0,52.48,-167.736,11-01-2022 11:35,66,46170000,1
6.7,33.0,52.48,-167.736,11-01-2022 11:35,4122,32750000,1
6.7,33.0,52.48,-167.736,11-01-2022 11:35,2660,11120000,1
6.7,33.0,52.48,-167.736,11-01-2022 11:35,3162,28990000,1
6.7,33.0,52.48,-167.736,11-01-2022 11:35,4636,12550000,1
6.7,33.0,52.48,-167.736,11-01-2022 11:35,30,17130000,1
6.7,33.0,52.48,-167.736,11-01-2022 11:35,839,40410000,1
6.8,20.0,52.6563,-167.917,11-01-2022 11:35,3907,45840000,1
6.8,20.0,52.6563,-167.917,11-01-2022 11:35,3774,43260000,1
6.8,20.0,52.6563,-167.917,11-01-2022 11:35,66,46170000,1
6.8,20.0,52.6563,-167.917,11-01-2022 11:35,4122,32750000,1
6.8,20.0,52.6563,-167.917,11-01-2022 11:35,2660,11120000,1
6.8,20.0,52.6563,-167.917,11-01-2022 11:35,3162,28990000,1
6.8,20.0,52.6563,-167.917,11-01-2022 11:35,4636,12550000,1
6.8,20.0,52.6563,-167.917,11-01-2022 11:35,30,17130000,1
6.8,20.0,52.6563,-167.917,11-01-2022 11:35,839,40410000,1
6.6,21.0,35.1456,31.9095,11-01-2022 01:07,4616,29240000,0
6.6,13.0,37.8167,101.299,07-01-2022 17:45,4629,48240000,0
7.3,165.49,-7.5924,127.581,29-12-2021 18:25,2452,1240000,0
7.3,14.27,-7.6033,122.2,14-12-2021 03:20,2847,23570000,1
7.5,126.0,-4.4898,-76.8461,28-11-2021 10:52,1145,18310000,1
6.6,12.0,23.5414,126.48,10-11-2021 15:45,3079,19770000,1
6.9,51.6,56.2581,-156.492,11-10-2021 09:10,1104,23470000,1
6.9,535.0,-21.1704,174.54,09-10-2021 10:58,169,39980000,1
7.3,527.0,-21.1036,174.895,02-10-2021 06:29,1671,20160000,1
6.5,21.0,12.1598,-87.8542,22-09-2021 09:57,2571,810000,1
7.0,20.0,16.9502,-99.7877,08-09-2021 01:47,2378,42700000,1
7.1,6.0,-60.3026,-24.9992,22-08-2021 21:33,4396,28150000,1
6.6,7.0,-60.1023,-24.4608,22-08-2021 00:45,4258,42690000,1
6.9,93.0,-14.892,167.085,18-08-2021 10:10,3863,33970000,1
6.9,16.7,-58.3814,-23.3318,16-08-2021 11:10,24,11570000,1
7.2,10.0,18.3521,-73.4804,14-08-2021 12:29,2634,5330000,1
6.9,33.3,55.2364,-157.707,14-08-2021 11:57,3341,18080000,1
6.9,33.3,55.2364,-157.707,14-08-2021 11:57,2216,5630000,1
6.9,33.3,55.2364,-157.707,14-08-2021 11:57,3683,34400000,1
6.9,33.3,55.2364,-157.707,14-08-2021 11:57,4725,360000,1
6.9,20.74,55.2657,-157.68,14-08-2021 11:57,3341,18080000,1
6.9,20.74,55.2657,-157.68,14-08-2021 11:57,2216,5630000,1
6.9,20.74,55.2657,-157.68,14-08-2021 11:57,3683,34400000,1
6.9,20.74,55.2657,-157.68,14-08-2021 11:57,4725,360000,1
8.1,22.79,-58.4157,-25.3206,12-08-2021 18:35,1908,16850000,0
7.5,47.23,-57.5959,-25.1874,12-08-2021 18:32,85,46990000,1
7.1,55.14,6.4547,126.742,11-08-2021 17:46,228,5770000,1
8.2,46.66,55.4742,-157.917,29-07-2021 06:15,297,500000,1
8.2,46.66,55.4742,-157.917,29-07-2021 06:15,2139,26780000,1
8.2,46.66,55.4742,-157.917,29-07-2021 06:15,712,39540000,1
8.2,46.66,55.4742,-157.917,29-07-2021 06:15,1002,31440000,1
8.2,35.0,55.3154,-157.829,29-07-2021 06:15,297,500000,1
8.2,35.0,55.3154,-157.829,29-07-2021 06:15,2139,26780000,1
8.2,35.0,55.3154,-157.829,29-07-2021 06:15,712,39540000,1
8.2,35.0,55.3154,-157.829,29-07-2021 06:15,1002,31440000,1
6.7,110.0,13.6989,120.713,23-07-2021 20:48,2802,7970000,1
6.7,10.0,7.5904,-82.8813,21-07-2021 21:15,2528,3050000,1
6.5,25.0,-30.2144,-177.773,20-06-2021 17:05,3753,15320000,1
6.5,10.0,-16.4796,-177.356,21-05-2021 22:13,3322,20190000,1
7.3,10.0,34.5861,98.2551,21-05-2021 18:04,3182,15860000,0
6.7,11.0,0.1684,96.6475,14-05-2021 06:33,4184,44420000,0
6.7,10.0,-17.2495,66.3745,12-05-2021 14:05,1616,49390000,0
6.9,43.0,38.2296,141.665,01-05-2021 01:27,3025,32400000,1
6.5,246.0,-21.6857,-177.064,25-04-2021 22:28,1414,9030000,0
6.5,301.0,-18.9204,-176.235,24-04-2021 00:23,764,46470000,0
7.0,43.0,38.4752,141.607,20-03-2021 09:09,656,6690000,1
6.6,13.23,54.7018,163.208,16-03-2021 18:38,4798,33570000,1
6.5,24.0,-28.4792,-176.619,04-03-2021 23:12,3850,19160000,0
8.1,28.93,-29.7466,-177.224,04-03-2021 19:28,4154,6720000,1
7.4,43.0,-29.6131,-177.842,04-03-2021 17:41,469,37130000,1
7.3,10.0,-37.596,179.544,04-03-2021 13:27,158,47170000,1
7.1,43.98,37.6856,141.992,13-02-2021 14:07,1296,24390000,1
7.7,10.0,-23.2787,171.489,10-02-2021 13:19,498,26180000,1
6.9,15.0,-61.8484,-55.559,23-01-2021 23:36,4741,16790000,1
7.0,80.0,5.0074,127.517,21-01-2021 12:23,2941,25010000,1
6.7,10.0,51.2407,100.443,11-01-2021 21:32,3457,40960000,0
6.7,10.0,-39.3264,-74.9067,27-12-2020 21:39,374,22710000,1
7.0,21.0,37.8973,26.7953,30-10-2020 11:51,80,41510000,0
7.6,28.37,54.662,-159.675,19-10-2020 20:54,1554,24840000,1
6.9,10.0,0.9604,-26.8332,18-09-2020 21:43,1670,25310000,1
6.5,16.0,-27.9285,-71.3937,01-09-2020 21:09,2132,18060000,0
6.8,21.0,-28.013,-71.1958,01-09-2020 04:09,4440,44620000,1
6.5,10.0,0.8696,-29.7046,30-08-2020 21:20,466,12540000,0
6.9,624.0,-6.6704,123.493,21-08-2020 04:09,249,27690000,0
6.9,26.0,-4.2791,101.215,18-08-2020 22:29,932,23890000,0
6.8,22.0,-4.3724,101.095,18-08-2020 22:23,1336,20560000,0
6.6,10.0,12.0065,124.13,18-08-2020 00:03,4525,19260000,1
7.8,28.0,55.1079,-158.477,22-07-2020 06:12,1339,46080000,1
7.0,73.0,-7.847,147.755,17-07-2020 02:50,1407,21960000,1
6.6,533.76,-5.6368,110.678,06-07-2020 22:54,1091,25910000,0
7.4,20.0,15.9163,-95.9533,23-06-2020 15:29,4210,36900000,1
7.4,10.0,-33.2938,-177.838,18-06-2020 12:49,743,26330000,1
6.6,165.0,28.9386,128.262,13-06-2020 15:51,2324,28090000,1
6.8,112.0,-23.2966,-68.4204,03-06-2020 07:35,3602,36280000,1
6.5,2.7,38.1689,-117.85,15-05-2020 11:03,2124,3700000,0
6.6,107.0,-12.0662,166.648,12-05-2020 22:41,2095,34640000,1
6.8,96.0,-6.7762,129.785,06-05-2020 13:53,241,12470000,0
6.5,10.0,34.1818,25.7101,02-05-2020 12:51,2352,43470000,0
6.5,12.06,44.4646,-115.118,31-03-2020 23:52,1371,9530000,0
7.5,57.8,48.9638,157.695,25-03-2020 02:49,1058,46890000,1
7.0,143.0,45.6161,148.959,13-02-2020 10:33,4817,4840000,1
7.7,14.86,19.4193,-78.756,28-01-2020 19:10,200,27700000,1
6.7,10.0,38.4312,39.0609,24-01-2020 17:55,2281,35550000,0
6.8,18.0,6.6969,125.174,15-12-2019 06:11,4750,37660000,1
7.1,33.0,1.6213,126.416,14-11-2019 16:17,2221,36940000,1
6.5,577.0,-21.9449,-179.511,08-11-2019 10:44,4772,1750000,0
6.6,10.0,-18.5747,-175.272,04-11-2019 22:43,2820,43050000,1
6.5,10.0,6.9098,125.178,31-10-2019 01:11,3151,28500000,1
6.6,15.0,6.7567,125.008,29-10-2019 01:04,4257,17750000,1
6.7,11.0,-35.4758,-73.163,29-09-2019 15:57,3108,6480000,1
6.5,12.26,-3.4528,128.37,25-09-2019 23:46,1974,2520000,1
6.6,591.0,-20.3641,-178.57,01-09-2019 15:54,1376,3120000,1
6.6,16.0,-60.2152,-26.5801,27-08-2019 23:55,3969,400000,1
6.9,49.0,-7.2822,104.791,02-08-2019 12:03,4063,38000000,0
6.8,25.0,-34.2364,-72.3102,01-08-2019 18:28,4446,49760000,1
6.6,181.0,-16.1985,167.998,31-07-2019 15:02,3558,11240000,1
7.2,18.98,-0.5858,128.034,14-07-2019 09:10,965,16170000,1
6.6,10.0,-18.2242,120.358,14-07-2019 05:39,180,23670000,0
6.9,35.0,0.5126,126.189,07-07-2019 15:08,3699,29830000,0
7.1,8.0,35.7695,-117.599,06-07-2019 03:19,3822,44150000,0
7.3,212.0,-6.4078,129.169,24-06-2019 02:53,4879,34360000,1
7.3,46.0,-30.6441,-178.1,15-06-2019 22:55,3900,31380000,1
6.6,57.92,13.1994,-89.3056,30-05-2019 09:03,4488,16540000,1
8.0,122.57,-5.8119,-75.2697,26-05-2019 07:41,3239,22900000,1
7.6,10.0,-4.051,152.597,14-05-2019 12:58,2975,41210000,1
7.1,146.0,-6.9746,146.449,06-05-2019 21:19,3581,14730000,1
6.8,15.46,-1.8146,122.58,12-04-2019 11:40,2888,9940000,1
6.5,38.0,-58.6262,-25.304,09-04-2019 17:53,2576,45090000,1
7.0,267.0,-14.7131,-70.1546,01-03-2019 08:50,1420,33800000,1
7.5,145.0,-2.1862,-77.0505,22-02-2019 10:17,3908,33210000,1
6.7,66.0,14.6802,-92.4527,01-02-2019 16:14,4674,47920000,1
6.7,13.0,-43.1219,42.3568,22-01-2019 19:01,4903,13400000,0
6.7,63.0,-30.0404,-71.3815,20-01-2019 01:32,1861,32310000,1
6.6,35.0,-13.336,166.875,15-01-2019 18:06,9,34710000,1
6.6,43.21,2.258,126.758,06-01-2019 17:27,2895,3470000,1
6.8,570.41,-8.144,-71.587,05-01-2019 19:25,2848,36220000,0
7.0,60.21,5.8983,126.921,29-12-2018 03:39,3665,11810000,1
7.3,16.56,55.0999,164.699,20-12-2018 17:01,145,38700000,1
7.1,133.0,-58.5446,-26.3856,11-12-2018 02:26,2105,34450000,1
6.6,10.0,-22.0629,169.733,05-12-2018 06:43,3144,15440000,1
7.5,10.0,-21.9496,169.427,05-12-2018 04:18,842,15900000,1
7.1,46.7,61.3464,-149.955,30-11-2018 17:29,1129,48540000,1
6.8,540.0,-17.8735,-178.927,18-11-2018 20:25,152,40750000,1
6.7,10.0,71.6312,-11.2431,09-11-2018 01:49,3592,37020000,1
6.8,14.0,37.5203,20.5565,25-10-2018 22:54,1053,23930000,0
6.5,10.0,49.297,-129.724,22-10-2018 06:22,1591,6240000,0
6.8,10.0,49.3346,-129.289,22-10-2018 06:16,3009,36800000,1
6.5,10.0,49.2586,-129.412,22-10-2018 05:39,2030,30190000,1
6.5,17.0,-21.7427,169.522,16-10-2018 01:03,3419,43380000,1
6.7,461.0,52.8549,153.243,13-10-2018 11:10,1808,46530000,1
6.5,20.0,49.2902,156.297,10-10-2018 23:16,2697,440000,1
7.0,39.0,-5.7012,151.205,10-10-2018 20:48,3040,8470000,1
6.7,550.0,-18.3604,-178.063,30-09-2018 10:52,473,6450000,1
7.5,20.0,-0.2559,119.846,28-09-2018 10:02,3290,33110000,0
6.5,576.0,-25.415,178.199,16-09-2018 21:11,4075,21080000,0
6.9,115.0,-31.7447,-179.373,10-09-2018 04:19,3497,46650000,0
6.5,68.0,-10.0207,161.503,09-09-2018 19:31,280,35840000,1
7.9,670.81,-18.4743,179.35,06-09-2018 15:49,1742,5190000,1
6.6,35.0,42.6861,141.929,05-09-2018 18:07,4625,30800000,1
7.1,21.43,-22.0295,170.126,29-08-2018 03:51,2887,35400000,1
7.1,630.0,-11.0355,-70.8284,24-08-2018 09:04,1942,31550000,0
6.5,9.0,-16.0315,168.143,21-08-2018 22:32,101,23280000,1
7.3,146.82,10.7731,-62.9019,21-08-2018 21:31,2805,9060000,1
6.9,21.0,-8.319,116.627,19-08-2018 14:56,3571,13010000,0
8.2,600.0,-18.1125,-178.153,19-08-2018 00:19,3685,24830000,1
6.5,529.0,-7.3718,119.802,17-08-2018 15:35,3662,4170000,0
6.5,33.93,51.4234,-178.026,15-08-2018 21:56,531,20370000,1
6.9,34.0,-8.2581,116.438,05-08-2018 11:46,1887,34840000,0
6.9,5.81,19.3182,-155.0,04-05-2018 22:32,682,47890000,1
6.8,559.0,-20.6588,-63.0058,02-04-2018 13:40,3795,12680000,0
6.9,35.0,-5.5321,151.5,29-03-2018 21:25,3945,18260000,1
6.7,40.0,-5.5024,151.402,26-03-2018 09:51,4667,23250000,1
6.8,22.86,-4.3762,153.2,08-03-2018 17:39,2019,14990000,1
6.7,20.49,-6.3043,142.612,06-03-2018 14:13,1097,17310000,1
7.5,25.21,-6.0699,142.754,25-02-2018 17:44,830,16510000,1
7.2,22.0,16.3855,-97.9787,16-02-2018 23:39,2806,45310000,1
7.9,14.06,56.0039,-149.166,23-01-2018 09:31,3830,22800000,1
7.1,39.0,-15.7675,-74.7092,14-01-2018 09:18,4382,18440000,1
7.5,19.0,17.4825,-83.52,10-01-2018 02:51,3892,12910000,1
6.5,90.0,-7.4921,108.174,15-12-2017 16:47,765,45610000,0
6.5,17.0,-54.2189,2.1628,13-12-2017 18:03,2768,14330000,1
7.0,10.0,-21.3246,168.671,19-11-2017 22:43,4329,12010000,1
6.6,13.0,-21.5027,168.598,19-11-2017 15:09,3296,980000,1
6.5,19.36,9.5147,-84.4865,13-11-2017 02:28,2195,33140000,1
7.3,19.0,34.9109,45.9592,12-11-2017 18:18,2358,3040000,0
6.5,110.57,-4.2433,143.485,07-11-2017 21:26,3426,47830000,1
6.8,10.0,-15.3197,-173.168,04-11-2017 09:00,3980,27100000,1
6.6,22.0,-21.6484,168.859,01-11-2017 02:23,912,29480000,1
6.7,24.0,-21.6971,169.148,31-10-2017 00:42,3146,1070000,1
6.7,553.81,-7.2168,123.074,24-10-2017 10:47,1000,35430000,0
6.5,119.0,52.3909,176.769,08-10-2017 22:34,3654,47520000,1
7.1,48.0,18.5499,-98.4887,19-09-2017 18:14,2484,41520000,0
8.2,47.39,15.0222,-93.8993,08-09-2017 04:49,4077,18360000,1
6.5,9.0,33.1926,103.855,08-08-2017 13:19,2371,13190000,0
6.6,7.0,36.9293,27.4139,20-07-2017 22:31,4839,31990000,0
7.7,10.0,54.4434,168.857,17-07-2017 23:34,34,33310000,1
6.6,10.0,-49.4837,164.016,11-07-2017 07:00,3790,9640000,1
6.5,9.0,11.1269,124.629,06-07-2017 08:03,1021,34580000,1
6.8,38.12,13.7174,-90.9718,22-06-2017 12:31,1648,4060000,1
6.9,93.0,14.9091,-92.0092,14-06-2017 07:29,734,970000,1
6.8,5.0,54.0312,170.92,02-06-2017 22:24,4583,11720000,1
6.6,12.0,-1.2923,120.431,29-05-2017 14:35,3275,4510000,0
6.5,15.0,-56.414,-25.7432,10-05-2017 23:23,1621,60000,1
6.8,169.0,-14.5884,167.377,09-05-2017 13:52,3136,21460000,1
6.9,26.0,5.5043,125.066,28-04-2017 20:23,2690,1200000,1
6.9,28.0,-33.0375,-72.0617,24-04-2017 21:38,2708,27430000,1
6.5,29.0,-22.6784,25.1558,03-04-2017 17:40,298,26280000,0
6.6,17.0,56.9401,162.786,29-03-2017 04:09,2340,49010000,1
6.9,414.5,-23.2593,-178.804,24-02-2017 17:28,654,3220000,1
6.5,595.98,-19.2814,-63.9047,21-02-2017 14:09,3775,340000,0
6.5,15.0,9.9071,125.452,10-02-2017 14:03,1256,25160000,1
7.9,135.0,-6.2464,155.172,22-01-2017 04:30,4521,950000,1
6.5,36.0,-10.3506,161.335,19-01-2017 23:04,231,4850000,1
7.3,627.17,4.4782,122.617,10-01-2017 06:13,3277,20240000,1
6.9,12.0,-19.3733,176.052,03-01-2017 21:52,3231,41650000,1
7.6,38.0,-43.4064,-73.9413,25-12-2016 14:22,692,33350000,1
6.7,152.0,-7.5082,127.921,21-12-2016 00:17,2755,7770000,0
7.9,94.54,-4.5049,153.522,17-12-2016 10:51,4864,31050000,1
6.9,19.73,-10.749,161.132,09-12-2016 19:10,970,14540000,1
6.5,12.26,-10.8416,161.314,08-12-2016 21:56,634,14160000,0
7.8,40.0,-10.6812,161.327,08-12-2016 17:38,4093,24740000,1
6.6,8.45,40.4535,-126.194,08-12-2016 14:49,4078,13640000,1
6.5,13.0,5.2834,96.1678,06-12-2016 22:03,1322,3460000,0
6.6,17.0,39.2732,73.9776,25-11-2016 14:24,1832,34750000,0
6.9,10.0,11.9097,-88.8968,24-11-2016 18:43,2179,2600000,1
6.9,9.0,37.3931,141.387,21-11-2016 20:59,1418,25890000,1
6.5,9.0,-42.6058,173.254,14-11-2016 00:34,1783,26050000,1
6.5,10.0,-42.3205,173.669,13-11-2016 11:32,4716,31530000,1
7.8,15.11,-42.7373,173.054,13-11-2016 11:02,4702,320000,1
6.6,8.0,42.8621,13.0961,30-10-2016 06:40,4119,1510000,0
6.6,614.0,-4.8626,108.163,19-10-2016 00:26,1653,31480000,0
6.8,42.0,-6.0033,148.887,17-10-2016 06:14,1484,300000,1
6.9,596.4,-19.7819,-178.244,24-09-2016 21:28,2276,44500000,1
7.0,19.0,-37.3586,179.146,01-09-2016 16:37,878,44810000,1
6.8,476.0,-3.6849,152.792,31-08-2016 03:11,3526,47560000,1
6.8,82.0,20.9228,94.569,24-08-2016 10:34,2017,29810000,0
7.2,16.37,-22.4765,173.117,12-08-2016 01:26,427,27180000,1
7.7,196.0,18.5429,145.507,29-07-2016 21:18,627,49900000,1
6.6,50.0,-2.0967,100.665,01-06-2016 22:56,1590,34880000,0
7.2,78.0,-56.2409,-26.9353,28-05-2016 09:46,2224,21440000,1
6.9,405.69,-21.9724,-178.204,28-05-2016 05:38,2218,20100000,1
6.9,29.95,0.4947,-79.616,18-05-2016 16:46,4484,17330000,1
6.7,16.0,0.4261,-79.7899,18-05-2016 07:57,1486,40900000,1
7.0,24.0,-16.0429,167.379,28-04-2016 19:33,1740,3890000,1
7.8,20.59,0.3819,-79.9218,16-04-2016 23:58,2481,21840000,1
7.0,10.0,32.7906,130.754,15-04-2016 16:25,2585,16240000,1
6.9,136.0,23.0944,94.8654,13-04-2016 13:55,2894,49500000,0
6.6,212.0,36.4725,71.1311,10-04-2016 10:28,150,27900000,0
6.7,27.59,-13.9805,166.594,07-04-2016 03:32,677,18870000,1
6.7,24.0,-14.0683,166.624,06-04-2016 06:58,1262,33510000,1
6.9,26.0,-14.3235,166.855,03-04-2016 08:23,4918,39370000,1
7.8,24.0,-4.9521,94.3299,02-03-2016 12:49,13,41030000,0
7.2,177.0,53.9776,158.546,30-01-2016 03:25,1834,28360000,1
7.1,125.6,59.6204,-153.339,24-01-2016 10:30,3249,7860000,1
6.6,10.0,18.8239,-106.934,21-01-2016 18:06,1492,26490000,1
6.7,46.0,41.9723,142.781,14-01-2016 03:25,2728,22180000,1
6.5,13.0,3.8965,126.862,11-01-2016 16:38,3687,32320000,1
6.7,55.0,24.8036,93.6505,03-01-2016 23:05,1425,43750000,0
6.6,85.0,15.8015,-93.633,17-12-2015 19:49,4606,33130000,1
6.9,21.0,-4.1064,129.508,09-12-2015 10:21,4596,8770000,0
7.2,22.0,38.2107,72.7797,07-12-2015 07:50,732,19010000,0
6.7,602.75,-9.1825,-71.2574,26-11-2015 05:45,1232,45860000,0
7.6,620.56,-10.0598,-71.0184,24-11-2015 22:50,1635,29440000,0
7.6,606.21,-10.5372,-70.9437,24-11-2015 22:45,3937,41820000,1
6.8,12.59,-8.8994,158.422,18-11-2015 18:31,1211,6740000,1
6.5,11.0,38.67,20.6,17-11-2015 07:10,3269,10120000,0
6.7,12.0,31.0009,128.873,13-11-2015 20:51,1935,23080000,0
6.9,10.0,-29.5097,-72.0585,11-11-2015 02:46,554,35650000,0
6.9,12.0,-29.5067,-72.0068,11-11-2015 01:54,492,28710000,1
6.6,10.0,6.8431,94.648,08-11-2015 16:47,2963,48960000,0
6.8,46.0,-30.8796,-71.4519,07-11-2015 07:31,2330,13840000,1
6.5,20.0,-8.3381,124.875,04-11-2015 03:44,2196,2940000,0
7.5,231.0,36.5244,70.3676,26-10-2015 09:09,3065,43220000,0
7.1,135.0,-14.8595,167.303,20-10-2015 21:52,658,43820000,1
6.6,18.0,-0.6212,131.262,24-09-2015 15:53,2375,48230000,0
6.6,35.0,-31.7275,-71.3792,21-09-2015 17:40,2226,5910000,1
6.7,23.0,-31.5173,-71.804,17-09-2015 04:10,4265,34920000,0
6.5,27.0,-31.4244,-71.6876,17-09-2015 03:55,1171,7050000,0
7.0,28.41,-31.5622,-71.4262,16-09-2015 23:18,133,7340000,0
8.3,22.44,-31.5729,-71.6744,16-09-2015 22:54,472,7940000,1
6.7,10.0,24.913,-109.623,13-09-2015 08:14,3226,21750000,1
6.5,6.43,-9.3293,157.877,12-08-2015 18:49,1406,21090000,1
6.6,22.0,-9.3438,158.053,10-08-2015 04:12,2877,49510000,1
7.0,48.0,-2.6286,138.528,27-07-2015 21:41,4505,28140000,1
6.9,29.0,52.376,-169.446,27-07-2015 04:49,4693,16490000,1
7.0,11.0,-10.4012,165.141,18-07-2015 02:27,2827,24660000,1
6.5,20.0,13.8672,-58.5479,16-07-2015 15:16,288,42030000,1
6.7,12.0,-9.307,158.403,10-07-2015 04:12,1870,19920000,1
6.5,460.0,27.7375,139.725,23-06-2015 12:18,3115,40190000,0
7.8,664.0,27.8386,140.493,30-05-2015 11:23,3626,16740000,1
6.8,72.6,56.594,-156.43,29-05-2015 07:00,2313,47690000,1
6.8,10.0,-11.1093,163.215,22-05-2015 23:59,4924,42900000,1
6.9,11.19,-11.0559,163.696,22-05-2015 21:45,1619,48060000,1
6.8,11.0,-10.8759,164.169,20-05-2015 22:48,995,15170000,1
6.8,35.0,38.9056,142.032,12-05-2015 21:12,1804,1600000,1
7.3,15.0,27.8087,86.0655,12-05-2015 07:05,2643,30790000,0
7.1,10.0,-7.2175,154.557,07-05-2015 07:10,4803,46180000,1
7.5,55.0,-5.4624,151.875,05-05-2015 01:44,3536,16840000,1
6.8,44.0,-5.2005,151.777,01-05-2015 08:06,4832,40880000,1
6.7,31.0,-5.375,151.771,30-04-2015 10:45,3912,33100000,1
6.7,22.91,27.7711,86.0173,26-04-2015 07:09,2108,14580000,0
6.6,10.0,28.2244,84.8216,25-04-2015 06:45,3045,6590000,0
7.8,8.22,28.2305,84.7314,25-04-2015 06:11,417,930000,0
6.5,10.0,-15.8815,-178.6,17-04-2015 15:52,978,45660000,1
6.5,11.0,-15.4994,-173.029,30-03-2015 08:48,2418,42560000,1
7.5,41.0,-4.7294,152.562,29-03-2015 23:48,506,47530000,1
7.0,552.06,-7.2968,122.535,27-02-2015 13:45,4153,25560000,0
6.7,23.0,39.8558,142.881,16-02-2015 23:06,4256,26750000,1
6.7,223.0,-23.1125,-66.688,11-02-2015 18:57,3942,48100000,1
6.8,219.96,-17.0309,168.52,23-01-2015 03:47,415,27200000,1
6.5,8.0,5.9045,-82.6576,07-01-2015 05:07,4149,37910000,1
6.6,20.0,7.9401,-82.6865,08-12-2014 08:54,1184,38770000,1
6.6,23.0,-6.5108,154.46,07-12-2014 01:22,486,12000000,1
6.6,614.0,6.1572,123.126,02-12-2014 05:11,894,23780000,0
6.8,39.0,1.9604,126.575,26-11-2014 14:33,806,46930000,1
6.5,35.0,2.2999,127.056,21-11-2014 10:10,556,22340000,1
6.7,22.0,-37.6478,179.662,16-11-2014 22:33,3826,45950000,1
7.1,45.0,1.8929,126.522,15-11-2014 02:31,1198,38900000,1
6.6,53.19,-5.9873,148.232,07-11-2014 03:33,4254,31490000,1
7.1,434.0,-19.6903,-177.759,01-11-2014 18:57,4059,19640000,1
7.3,40.0,12.5262,-88.1225,14-10-2014 03:51,1294,34240000,1
6.7,130.0,13.7641,144.429,17-09-2014 06:14,2222,23240000,1
6.8,101.0,-14.598,-73.5714,24-08-2014 23:21,3505,28010000,1
6.9,13.0,0.8295,146.169,03-08-2014 00:22,3655,33160000,1
6.9,615.42,-19.8015,-178.4,21-07-2014 14:54,4759,24970000,1
6.5,20.0,37.0052,142.452,11-07-2014 19:22,3007,6500000,1
6.9,53.0,14.724,-92.4614,07-07-2014 11:23,2094,25140000,1
6.5,20.0,-6.2304,152.807,04-07-2014 15:00,2188,6520000,1
6.7,18.0,-14.9831,-175.51,29-06-2014 17:15,3037,16400000,1
6.9,8.0,-55.4703,-28.3669,29-06-2014 07:52,3919,39010000,1
7.9,109.0,51.8486,178.735,23-06-2014 20:53,1273,3990000,1
6.7,26.59,-29.9414,-177.607,23-06-2014 20:06,291,18640000,0
6.5,10.0,-29.9379,-177.516,23-06-2014 19:21,4828,27990000,0
6.9,20.0,-29.9772,-177.725,23-06-2014 19:19,253,5110000,1
6.9,6.43,40.2893,25.3889,24-05-2014 09:25,3246,33290000,0
6.5,10.0,7.2096,-82.3045,13-05-2014 06:35,351,41530000,1
6.6,106.0,-21.4542,170.355,01-05-2014 06:36,1188,35240000,1
6.5,10.0,49.6388,-127.732,24-04-2014 03:10,1962,890000,1
7.5,43.37,-6.7547,155.024,19-04-2014 13:28,423,3740000,1
6.6,29.0,-6.6558,155.087,19-04-2014 01:04,91,20460000,1
7.2,24.0,17.397,-100.972,18-04-2014 14:27,3730,42260000,1
6.6,10.0,-11.1284,162.052,13-04-2014 13:24,2237,49920000,0
7.4,39.0,-11.4633,162.051,13-04-2014 12:36,671,49210000,1
7.6,22.56,-11.2701,162.148,12-04-2014 20:14,3041,28490000,1
6.6,135.0,11.642,-85.8779,11-04-2014 20:29,27,45730000,1
6.5,20.0,-6.7878,154.95,11-04-2014 08:16,430,24880000,1
7.1,60.53,-6.5858,155.048,11-04-2014 07:07,684,43700000,1
7.7,22.4,-20.5709,-70.4931,03-04-2014 02:43,4464,24510000,1
6.5,24.07,-20.3113,-70.5756,03-04-2014 01:58,3946,27310000,0
6.9,28.42,-19.8927,-70.9455,01-04-2014 23:57,3524,44550000,0
8.2,25.0,-19.6097,-70.7691,01-04-2014 23:46,1542,4940000,1
6.7,20.0,-19.9807,-70.7022,16-03-2014 21:16,2032,10720000,1
6.8,16.441,40.8287,-125.134,10-03-2014 05:18,2233,21920000,1
6.5,119.0,27.4312,127.367,02-03-2014 20:11,4121,45030000,1
6.5,14.83,14.6682,-58.9272,18-02-2014 09:27,3236,27870000,1
6.9,10.0,35.9053,82.5864,12-02-2014 09:19,255,42920000,0
6.5,122.0,-15.0691,167.372,07-02-2014 08:40,1030,13740000,1
6.5,44.26,-32.9076,-177.881,02-02-2014 09:26,4393,30200000,1
6.5,187.0,-13.8633,167.249,01-01-2014 16:03,3801,48410000,1
6.5,371.0,-17.1171,-176.545,23-11-2013 07:48,4311,39240000,0
7.7,10.0,-60.2738,-46.4011,17-11-2013 09:04,2510,30130000,1
6.9,9.97,-60.2627,-47.0621,16-11-2013 03:34,2293,5260000,1
6.6,27.0,-30.2921,-71.5215,31-10-2013 23:03,1324,35830000,1
7.1,35.0,37.1557,144.661,25-10-2013 17:10,1551,14470000,1
6.6,9.45,26.0913,-110.321,19-10-2013 17:54,4648,3000000,1
6.8,35.0,-6.4456,154.931,16-10-2013 10:30,316,29020000,1
7.1,19.04,9.8796,124.117,15-10-2013 00:12,1243,1090000,1
6.6,40.0,35.5142,23.2523,12-10-2013 13:11,2451,34490000,0
6.7,573.0,53.1995,152.786,01-10-2013 03:38,1579,42890000,0
6.5,41.54,-30.9255,-178.323,30-09-2013 05:55,4626,9870000,1
6.8,12.0,27.1825,65.5052,28-09-2013 07:34,3117,16590000,0
7.1,40.0,-15.8385,-74.5112,25-09-2013 16:42,70,20980000,1
7.7,15.0,26.951,65.5009,24-09-2013 11:29,860,17570000,0
6.5,20.0,51.5573,-174.767,04-09-2013 02:32,2754,47490000,1
6.5,402.0,29.9377,138.833,04-09-2013 00:18,1633,14970000,0
6.5,112.0,-7.44,128.221,01-09-2013 11:52,1651,18780000,0
7.0,29.0,51.537,-175.23,30-08-2013 16:25,3861,45630000,0
6.5,8.2,-41.734,174.152,16-08-2013 02:31,3107,49980000,1
6.7,12.0,5.7732,-78.1999,13-08-2013 15:43,1075,24320000,1
6.5,17.0,-41.704,174.337,21-07-2013 05:09,4002,37260000,1
7.3,11.0,-60.857,-25.07,15-07-2013 14:03,788,39210000,1
6.6,56.0,-6.029,149.706,07-07-2013 20:30,2606,12480000,0
7.3,385.5,-3.917,153.927,07-07-2013 18:35,3631,4000000,1
6.6,10.0,10.701,-42.594,24-06-2013 22:04,2122,20110000,1
6.5,30.0,11.763,-86.926,15-06-2013 17:34,1875,48340000,1
6.7,9.0,-10.004,107.236,13-06-2013 16:47,812,23290000,0
6.7,624.0,52.235,151.444,24-05-2013 14:56,388,11760000,1
8.3,598.1,54.892,153.221,24-05-2013 05:44,2883,15970000,1
7.4,173.7,-23.009,-177.232,23-05-2013 17:19,1176,33560000,1
6.8,602.2,18.728,145.288,14-05-2013 00:32,3198,35280000,0
6.5,10.0,-3.898,152.127,23-04-2013 23:14,2624,35330000,1
6.6,14.0,30.308,102.888,20-04-2013 00:02,1352,47430000,0
7.2,110.0,46.221,150.788,19-04-2013 03:05,411,24090000,1
6.6,13.0,-3.214,142.542,16-04-2013 22:55,4213,48270000,1
7.7,80.0,28.033,61.996,16-04-2013 10:44,110,5430000,0
6.6,31.0,-6.475,154.607,14-04-2013 01:32,4996,3750000,1
7.0,66.0,-3.517,138.476,06-04-2013 04:42,3430,11550000,1
6.5,28.0,-6.598,148.174,10-03-2013 22:51,2810,39410000,1
6.5,29.0,50.958,157.408,01-03-2013 13:20,2595,29790000,0
6.9,41.0,50.954,157.283,28-02-2013 14:05,2837,27380000,1
6.6,11.0,67.631,142.508,14-02-2013 13:13,2373,13100000,1
6.6,18.0,-10.994,165.741,09-02-2013 21:02,1236,4830000,1
6.9,145.0,1.135,-77.393,09-02-2013 14:16,2147,21940000,1
7.1,21.0,-10.928,166.018,08-02-2013 15:26,4976,30160000,1
6.8,12.0,-10.838,165.969,08-02-2013 11:12,600,6860000,1
6.7,11.0,-10.997,165.655,07-02-2013 18:59,1435,31080000,1
7.0,8.8,-10.499,165.588,06-02-2013 01:54,4997,45960000,0
7.1,10.0,-11.183,164.882,06-02-2013 01:23,539,15930000,0
8.0,24.0,-10.799,165.114,06-02-2013 01:12,722,29760000,1
6.9,107.0,42.77,143.092,02-02-2013 14:17,4411,10910000,0
6.8,45.0,-28.094,-70.653,30-01-2013 20:15,1873,38570000,0
7.5,8.7,55.228,-134.859,05-01-2013 08:58,2846,17810000,0
6.7,200.7,-14.344,167.286,21-12-2012 22:28,2054,100000,0
7.1,155.0,-6.533,129.825,10-12-2012 16:53,2908,35380000,0
7.3,31.0,37.89,143.949,07-12-2012 08:18,2255,7210000,0
6.5,20.0,14.129,-92.164,11-11-2012 22:14,3913,3610000,0
6.8,13.7,23.005,95.885,11-11-2012 01:12,178,5710000,0
7.4,24.0,13.988,-91.895,07-11-2012 16:35,2891,41010000,0
7.8,14.0,52.788,-132.101,28-10-2012 03:04,3674,7960000,0
6.5,17.0,10.086,-85.298,24-10-2012 00:45,81,5760000,0
6.6,13.0,-4.892,134.03,12-10-2012 00:31,2562,1020000,0
7.3,170.0,1.929,-76.362,30-09-2012 16:31,1724,20340000,0
7.6,35.0,10.085,-85.315,05-09-2012 14:42,1618,20500000,0
7.6,28.0,10.811,126.638,31-08-2012 12:47,1655,27370000,0
7.3,28.0,12.139,-88.59,27-08-2012 04:37,2329,4880000,0
6.6,91.1,2.19,126.837,26-08-2012 15:05,4614,17940000,0
7.7,583.2,49.8,145.064,14-08-2012 02:59,222,29870000,0
6.5,41.0,-4.651,153.173,28-07-2012 20:03,94,11990000,0
6.6,134.7,-18.685,-174.705,28-04-2012 10:08,2610,41490000,0
6.7,16.0,-1.617,134.276,21-04-2012 01:16,3383,39730000,0
6.8,198.0,-5.462,147.117,17-04-2012 07:13,4416,80000,0
6.7,29.0,-32.625,-71.365,17-04-2012 03:50,1398,33460000,0
7.0,13.0,28.696,-113.104,12-04-2012 07:15,4687,35000000,0
6.5,20.0,18.229,-102.689,11-04-2012 22:55,1293,30560000,0
8.2,25.1,0.802,92.463,11-04-2012 10:43,2165,45000000,0
8.6,20.0,2.327,93.063,11-04-2012 08:38,2940,11210000,0
7.1,40.7,-35.2,-72.217,25-03-2012 22:37,3669,8370000,0
6.6,118.0,-6.242,145.955,21-03-2012 22:15,813,31850000,0
7.4,20.0,16.493,-98.231,20-03-2012 18:02,1259,25650000,0
6.7,12.0,51.708,95.991,26-02-2012 06:17,890,14750000,0
6.7,11.0,9.999,123.206,06-02-2012 03:49,1452,5690000,0
7.1,23.0,-17.827,167.133,02-02-2012 13:34,3317,14950000,0
7.2,19.0,2.433,93.21,10-01-2012 18:36,2560,330000,0
6.6,15.0,51.842,95.911,27-12-2011 15:21,3575,32930000,0
7.1,135.0,-7.551,146.809,14-12-2011 05:04,2681,26980000,0
6.5,59.0,17.986,-99.789,11-12-2011 01:47,4652,24070000,0
6.9,24.0,-14.438,-75.966,28-10-2011 18:54,4812,14420000,0
7.1,18.0,38.721,43.508,23-10-2011 10:41,4680,30380000,0
6.5,37.0,-6.57,147.881,14-10-2011 03:35,2965,40090000,0
6.9,50.0,27.73,88.155,18-09-2011 12:40,2673,14190000,0
6.7,30.0,40.273,142.779,16-09-2011 19:26,562,37400000,0
6.7,91.0,2.965,97.893,05-09-2011 17:55,2779,31260000,0
7.0,185.1,-20.671,169.716,03-09-2011 22:55,2949,1900000,0
7.0,147.0,-7.641,-74.525,24-08-2011 17:46,2818,27850000,0
7.1,28.0,-18.311,168.218,20-08-2011 18:19,2759,33150000,0
6.5,35.0,-18.308,168.156,20-08-2011 17:13,1757,6220000,0
7.2,32.0,-18.365,168.143,20-08-2011 16:55,725,15590000,0
6.6,10.0,-3.518,144.828,31-07-2011 23:38,220,9010000,0
7.6,17.0,-29.539,-176.34,06-07-2011 19:03,4140,10070000,0
6.7,33.0,39.955,142.205,22-06-2011 21:50,3958,4400000,0
6.8,11.0,-20.244,168.226,10-05-2011 08:55,1589,21340000,0
6.8,79.0,-10.375,161.2,23-04-2011 04:16,3348,36910000,0
6.6,11.0,37.001,140.401,11-04-2011 08:16,3971,47790000,0
7.1,42.0,38.276,141.588,07-04-2011 14:32,4708,26000000,0
6.6,166.2,17.208,-94.338,07-04-2011 13:11,44,17410000,0
6.9,8.0,20.687,99.822,24-03-2011 13:55,3002,35460000,0
6.6,25.7,39.241,142.463,11-03-2011 11:36,211,32450000,0
6.5,6.8,36.166,141.562,11-03-2011 08:19,678,12780000,0
7.7,18.6,38.058,144.59,11-03-2011 06:25,355,45710000,0
7.9,42.6,36.281,141.111,11-03-2011 06:15,1434,32410000,0
9.1,29.0,38.297,142.373,11-03-2011 05:46,950,44260000,0
7.3,32.0,38.435,142.842,09-03-2011 02:45,2844,37250000,0
6.7,21.0,-35.38,-72.834,14-02-2011 03:40,578,2060000,0
6.9,26.0,-36.422,-72.96,11-02-2011 20:05,3929,2790000,0
7.2,68.0,28.777,63.951,18-01-2011 20:23,545,28950000,0
7.0,9.0,-20.628,168.471,13-01-2011 16:16,368,24930000,0
7.2,24.0,-38.355,-73.326,02-01-2011 20:20,1613,24580000,0
7.3,16.0,-19.702,167.947,25-12-2010 13:16,3551,150000,0
6.7,12.0,28.412,59.18,20-12-2010 18:41,3717,18010000,0
6.6,33.0,-6.001,149.977,02-12-2010 03:12,3780,11660000,0
7.8,20.1,-3.487,100.082,25-10-2010 14:42,136,27590000,0
6.7,13.0,24.696,-109.156,21-10-2010 17:53,4481,24550000,0
7.0,26.0,-4.963,133.76,29-09-2010 17:11,1438,42210000,0
7.0,12.0,-43.522,171.83,03-09-2010 16:35,48,49110000,0
7.1,206.7,-1.266,-77.306,12-08-2010 11:54,1361,35210000,0
7.3,25.0,-17.541,168.069,10-08-2010 05:23,735,20890000,0
7.0,44.0,-5.746,150.765,04-08-2010 22:01,1535,36510000,0
6.5,220.0,-5.486,146.822,04-08-2010 07:15,2005,14890000,0
7.6,578.0,6.497,123.48,23-07-2010 22:51,3796,10270000,0
7.3,35.0,-5.931,150.59,18-07-2010 13:34,2520,5010000,0
6.9,28.0,-5.966,150.428,18-07-2010 13:04,1973,48380000,0
6.6,22.0,-38.067,-73.31,14-07-2010 08:32,997,31000000,0
6.7,35.0,-10.627,161.447,26-06-2010 05:30,62,3340000,0
6.6,10.5,-2.329,136.484,16-06-2010 03:58,1109,49880000,0
7.0,18.0,-2.174,136.543,16-06-2010 03:16,2406,28830000,0
7.5,35.0,7.881,91.936,12-06-2010 19:26,96,41740000,0
7.2,31.0,-13.698,166.643,27-05-2010 17:14,479,2640000,0
7.2,38.0,3.748,96.018,09-05-2010 05:59,4360,25200000,0
6.9,17.0,33.165,96.548,13-04-2010 23:49,4113,42550000,0
6.9,21.0,-10.878,161.116,11-04-2010 09:40,3708,44610000,0
7.8,31.0,2.383,97.048,06-04-2010 22:15,1102,11460000,0
7.2,9.987,32.2862,-115.295,04-04-2010 22:40,2747,38990000,0
6.6,34.0,13.667,92.831,30-03-2010 16:54,2171,35360000,0
6.7,18.0,-36.217,-73.257,16-03-2010 02:21,323,49130000,0
6.5,32.0,37.745,141.59,14-03-2010 08:08,4255,37210000,0
7.0,18.0,-34.326,-71.799,11-03-2010 14:55,3143,43680000,0
6.9,11.0,-34.29,-71.891,11-03-2010 14:39,3538,16090000,0
6.8,26.0,-3.762,100.991,05-03-2010 16:07,4926,3680000,0
6.6,18.0,-36.665,-73.374,05-03-2010 11:47,2925,1420000,0
6.5,176.0,-13.571,167.227,04-03-2010 14:02,1150,11790000,0
7.4,35.0,-37.773,-75.048,27-02-2010 08:01,3618,40920000,0
8.8,22.9,-36.122,-72.898,27-02-2010 06:34,292,23050000,0
7.0,25.0,25.93,128.425,26-02-2010 20:31,3750,25100000,0
7.0,13.0,18.443,-72.571,12-01-2010 21:53,3587,24040000,0
6.5,28.737,40.652,-124.692,10-01-2010 00:27,534,15980000,0
6.8,15.4,-9.019,157.551,05-01-2010 12:15,3608,18340000,0
7.1,10.0,-8.783,157.354,03-01-2010 22:36,2649,21100000,0
6.6,10.0,-8.726,157.487,03-01-2010 21:48,4811,22930000,0
6.5,27.0,-19.394,-70.321,13-11-2009 03:05,1984,30810000,0
7.3,595.0,-17.239,178.331,09-11-2009 10:44,2933,770000,0
6.6,18.0,-8.207,118.631,08-11-2009 19:41,1537,22510000,0
6.8,34.0,29.218,129.782,30-10-2009 07:03,4535,17660000,0
6.9,130.0,-6.133,130.385,24-10-2009 14:40,4173,39300000,0
6.8,35.0,-13.298,165.91,08-10-2009 08:28,3361,49730000,0
7.4,31.1,-13.093,166.497,07-10-2009 23:13,3666,2050000,0
7.8,35.0,-12.517,166.382,07-10-2009 22:18,4006,16470000,0
7.7,45.0,-13.006,166.51,07-10-2009 22:03,3627,36340000,0
6.6,9.0,-2.482,101.524,01-10-2009 01:52,587,9100000,0
7.6,81.0,-0.72,99.867,30-09-2009 10:16,3257,16800000,0
8.1,18.0,-15.489,-172.095,29-09-2009 17:48,2299,23590000,0
7.0,46.0,-7.782,107.297,02-09-2009 07:55,3989,40000,0
6.7,20.0,-1.479,99.49,16-08-2009 07:38,585,15130000,0
6.6,53.0,32.821,140.395,12-08-2009 22:48,2424,6560000,0
7.5,24.0,14.099,92.902,10-08-2009 19:55,1392,2910000,0
7.1,292.0,33.167,137.944,09-08-2009 10:55,4526,27040000,0
6.9,10.0,29.039,-112.903,03-08-2009 17:59,4921,46830000,0
7.8,12.0,-45.762,166.562,15-07-2009 09:22,4801,41430000,0
6.7,64.0,-5.157,153.782,23-06-2009 14:19,3241,11480000,0
7.3,19.0,16.731,-86.217,28-05-2009 08:24,4282,33740000,0
7.6,31.0,-23.043,-174.66,19-03-2009 18:17,3339,46350000,0
7.2,20.0,3.886,126.387,11-02-2009 17:34,3221,37830000,0
7.4,23.0,-0.691,133.305,03-01-2009 22:33,2112,30000,0
6.6,204.8,36.419,70.743,03-01-2009 20:23,1175,40050000,0
7.7,17.0,-0.414,132.885,03-01-2009 19:43,4863,1360000,0
7.4,30.0,1.271,122.091,16-11-2008 17:02,3812,27240000,0
6.7,24.0,14.423,-92.364,16-10-2008 19:41,1868,5830000,0
6.7,27.4,39.533,73.824,05-10-2008 15:52,2615,16520000,0
6.8,25.0,41.892,143.754,11-09-2008 00:20,3867,6250000,0
6.6,96.0,1.885,127.363,11-09-2008 00:00,4886,42960000,0
6.9,110.0,-13.501,166.967,08-09-2008 18:52,3779,26510000,0
6.7,12.0,30.901,83.52,25-08-2008 13:21,3847,16980000,0
6.8,108.0,39.802,141.464,23-07-2008 15:26,2417,10510000,0
7.0,22.0,37.552,142.214,19-07-2008 02:39,4025,48150000,0
7.0,22.0,37.552,142.214,19-07-2008 02:39,71,18670000,0
7.0,22.0,37.552,142.214,19-07-2008 02:39,4881,25320000,0
7.0,22.0,37.552,142.214,19-07-2008 02:39,1127,25620000,0
6.9,25.5,37.55,142.714,19-07-2008 02:39,4025,48150000,0
6.9,25.5,37.55,142.714,19-07-2008 02:39,71,18670000,0
6.9,25.5,37.55,142.714,19-07-2008 02:39,4881,25320000,0
6.9,25.5,37.55,142.714,19-07-2008 02:39,1127,25620000,0
6.6,17.0,11.005,91.824,27-06-2008 11:40,3251,7950000,0
6.9,7.8,39.03,140.881,13-06-2008 23:43,3902,18970000,0
7.9,19.0,31.002,103.322,12-05-2008 06:28,1096,27020000,0
6.9,27.0,36.164,141.526,07-05-2008 16:45,4546,49690000,0
7.3,33.0,-20.071,168.892,09-04-2008 12:46,1213,49750000,0
7.2,10.0,35.49,81.467,20-03-2008 22:32,3922,3310000,0
6.9,24.0,13.351,125.63,03-03-2008 14:11,1426,20990000,0
6.7,25.0,-2.245,99.808,25-02-2008 21:02,3067,40590000,0
6.6,25.0,-2.332,99.891,25-02-2008 18:06,4520,48190000,0
7.2,25.0,-2.486,99.972,25-02-2008 08:36,2101,34540000,0
6.5,22.0,-2.405,99.931,24-02-2008 14:46,808,36980000,0
7.4,26.0,2.768,95.964,20-02-2008 08:08,4744,38380000,0
6.5,28.0,36.345,21.863,14-02-2008 12:08,3751,44240000,0
6.9,29.0,36.501,21.67,14-02-2008 10:09,1363,8960000,0
6.5,83.0,16.357,-94.304,12-02-2008 12:50,2318,42370000,0
6.6,20.0,-39.011,178.291,20-12-2007 07:55,4582,12900000,0
6.7,45.0,-22.954,-70.182,16-12-2007 08:09,4742,37030000,0
7.4,156.0,14.944,-61.274,29-11-2007 19:00,1026,7140000,0
6.6,16.0,-10.95,162.149,27-11-2007 11:49,3110,44440000,0
6.5,18.0,-8.224,118.467,25-11-2007 19:53,2111,27320000,0
6.5,20.0,-8.292,118.37,25-11-2007 16:02,1042,30720000,0
6.8,53.0,-5.757,147.098,22-11-2007 08:48,1877,42100000,0
6.8,122.9,-2.312,-77.838,16-11-2007 03:13,882,48320000,0
6.8,26.0,-22.925,-70.237,15-11-2007 15:05,4300,48630000,0
7.7,40.0,-22.247,-69.89,14-11-2007 15:40,1193,41940000,0
6.8,21.0,-3.899,101.02,24-10-2007 21:02,4588,38660000,0
6.8,18.0,-44.796,167.553,15-10-2007 12:29,4511,4820000,0
6.8,40.0,-4.99,153.5,26-09-2007 12:36,3671,45990000,0
6.7,30.0,-1.999,100.141,20-09-2007 08:31,625,44390000,0
7.0,22.0,-2.13,99.627,13-09-2007 03:35,2797,42870000,0
6.5,28.9,-1.689,99.668,13-09-2007 02:30,4292,36490000,0
7.9,35.0,-2.625,100.841,12-09-2007 23:49,4969,19120000,0
7.9,35.0,-2.625,100.841,12-09-2007 23:49,1663,48110000,0
7.9,35.0,-2.625,100.841,12-09-2007 23:49,234,32600000,0
7.9,35.0,-2.625,100.841,12-09-2007 23:49,4567,44650000,0
7.8,40.5,-2.52,100.139,12-09-2007 23:49,4969,19120000,0
7.8,40.5,-2.52,100.139,12-09-2007 23:49,1663,48110000,0
7.8,40.5,-2.52,100.139,12-09-2007 23:49,234,32600000,0
7.8,40.5,-2.52,100.139,12-09-2007 23:49,4567,44650000,0
8.4,34.0,-4.438,101.367,12-09-2007 11:10,416,49800000,0
6.8,15.0,2.966,-77.963,10-09-2007 01:49,4247,39420000,0
7.2,35.0,-11.61,165.762,02-09-2007 01:05,2174,21480000,0
6.5,15.0,-9.834,159.465,16-08-2007 08:39,1457,23260000,0
8.0,39.0,-13.386,-76.603,15-08-2007 23:40,747,33010000,0
7.5,280.0,-5.859,107.419,08-08-2007 17:05,18,12890000,0
7.2,120.0,-15.595,167.68,01-08-2007 17:08,1201,15240000,0
6.9,25.0,2.872,127.464,26-07-2007 05:40,1700,9590000,0
6.8,350.4,36.808,134.85,16-07-2007 14:17,3254,46870000,0
6.6,12.0,37.535,138.446,16-07-2007 01:13,597,45270000,0
6.7,23.0,13.554,-90.618,13-06-2007 19:29,3227,47680000,0
6.9,10.0,-7.306,155.741,01-04-2007 21:11,4406,27950000,0
6.6,10.0,-7.169,155.777,01-04-2007 20:47,4720,30430000,0
8.1,24.0,-8.466,157.043,01-04-2007 20:39,1506,46750000,0
6.7,8.0,37.336,136.588,25-03-2007 00:41,1413,49940000,0
7.1,34.0,-20.617,169.357,25-03-2007 00:40,1966,38140000,0
6.7,12.0,-1.034,126.976,20-02-2007 08:04,372,1450000,0
7.5,22.0,1.065,126.282,21-01-2007 11:27,1341,16910000,0
8.1,10.0,46.243,154.524,13-01-2007 04:23,599,7660000,0
6.9,10.0,21.974,120.493,26-12-2006 12:34,239,22110000,0
7.1,10.0,21.799,120.547,26-12-2006 12:26,3401,47480000,0
8.3,10.0,46.592,153.266,15-11-2006 11:14,2068,6360000,0
6.6,11.0,-6.482,151.195,07-11-2006 17:38,811,37580000,0
6.7,23.0,-13.457,-76.677,20-10-2006 10:48,1095,26100000,0
6.7,32.0,-5.881,150.982,17-10-2006 01:25,4325,8570000,0
6.7,38.182,19.877,-155.935,15-10-2006 17:07,4761,48130000,0
6.9,28.0,-16.592,-172.033,28-09-2006 06:22,3677,14590000,0
6.8,38.0,-6.759,155.512,01-09-2006 10:18,3465,32950000,0
6.5,43.0,51.148,157.522,24-08-2006 21:50,3104,33880000,0
6.8,150.0,-15.798,167.789,07-08-2006 22:18,2750,33620000,0
7.7,20.0,-9.284,107.419,17-07-2006 08:19,2296,22460000,0
6.5,34.0,-5.724,151.133,28-05-2006 03:12,4193,12660000,0
6.6,19.0,60.772,165.743,22-05-2006 11:12,3709,38590000,0
6.8,12.0,0.093,97.05,16-05-2006 15:28,3019,36080000,0
8.0,55.0,-20.187,-174.123,03-05-2006 15:26,804,30270000,0
8.0,55.0,-20.187,-174.123,03-05-2006 15:26,4191,1470000,0
8.0,55.0,-20.187,-174.123,03-05-2006 15:26,4253,32660000,0
8.0,55.0,-20.187,-174.123,03-05-2006 15:26,3706,1140000,0
8.0,60.5,-19.99,-173.907,03-05-2006 15:26,804,30270000,0
8.0,60.5,-19.99,-173.907,03-05-2006 15:26,4191,1470000,0
8.0,60.5,-19.99,-173.907,03-05-2006 15:26,4253,32660000,0
8.0,60.5,-19.99,-173.907,03-05-2006 15:26,3706,1140000,0
6.5,12.0,-27.211,-71.056,30-04-2006 21:40,752,25450000,0
6.7,12.0,-27.017,-71.022,30-04-2006 19:17,4645,24990000,0
6.6,11.0,60.491,167.516,29-04-2006 16:58,2532,37780000,0
7.6,22.0,60.949,167.089,20-04-2006 23:25,622,6840000,0
6.5,14.0,-16.527,176.989,07-04-2006 08:30,2298,30890000,0
6.7,30.1,-3.595,127.214,14-03-2006 06:57,3829,11080000,0
7.0,11.0,-21.324,33.583,22-02-2006 22:19,567,41910000,0
6.7,66.0,36.311,23.212,08-01-2006 11:34,1136,4320000,0
6.6,14.0,28.164,-112.117,04-01-2006 08:32,1205,5840000,0
6.5,224.6,36.357,71.093,12-12-2005 21:47,1048,10000,0
6.8,22.0,-6.224,29.83,05-12-2005 12:19,52,29360000,0
6.5,29.0,38.089,142.122,02-12-2005 13:13,3652,5440000,0
6.5,21.0,2.164,96.786,19-11-2005 14:10,1045,3500000,0
6.8,147.0,-22.361,-67.895,17-11-2005 19:26,2182,29560000,0
7.6,26.0,34.539,73.588,08-10-2005 03:50,2689,20910000,0
6.6,25.0,-5.437,151.84,29-09-2005 15:50,535,35580000,0
7.5,115.0,-5.678,-76.398,26-09-2005 01:55,3185,44230000,0
7.6,90.0,-4.539,153.474,09-09-2005 07:26,3858,4580000,0
7.2,36.0,38.276,142.039,16-08-2005 02:46,444,30980000,0
7.2,16.0,7.92,92.19,24-07-2005 15:42,3605,44120000,0
6.7,21.0,1.819,97.082,05-07-2005 01:52,196,36480000,0
6.6,27.0,11.245,-86.172,02-07-2005 02:16,1116,29980000,0
7.2,16.0,41.292,-125.953,15-06-2005 02:50,766,540000,0
7.8,115.6,-19.987,-69.197,13-06-2005 22:44,1946,45970000,0
6.9,30.0,1.989,97.041,19-05-2005 01:54,3248,1320000,0
6.7,34.0,0.587,98.459,14-05-2005 05:05,3003,38580000,0
6.5,30.0,-1.714,99.779,10-04-2005 11:14,1433,28170000,0
6.7,19.0,-1.644,99.607,10-04-2005 10:29,4201,7360000,0
8.6,30.0,2.085,97.108,28-03-2005 16:09,3096,28680000,0
6.6,10.0,33.807,130.131,20-03-2005 01:53,2923,24520000,0
7.1,201.7,-6.527,129.933,02-03-2005 10:42,645,20860000,0
6.8,36.0,2.908,95.592,26-02-2005 12:56,1050,15760000,0
6.5,10.0,-5.562,122.129,19-02-2005 00:04,3746,35230000,0
6.5,39.7,4.756,126.421,15-02-2005 14:42,4094,43960000,0
6.7,206.3,-14.252,167.259,08-02-2005 14:48,4404,22870000,0
7.1,525.0,5.293,123.337,05-02-2005 12:23,121,41500000,0
6.6,27.8,34.064,141.491,19-01-2005 06:11,2053,5930000,0
6.6,16.1,8.879,92.375,26-12-2004 09:20,4259,7620000,0
7.2,39.2,6.91,92.958,26-12-2004 04:21,4889,16070000,0
9.1,30.0,3.295,95.982,26-12-2004 00:58,4335,37370000,0
8.1,10.0,-49.312,161.345,23-12-2004 14:59,4692,36420000,0
6.8,10.0,18.958,-81.409,14-12-2004 23:20,135,9710000,0
6.8,35.0,42.9,145.228,06-12-2004 14:15,2461,37540000,0
7.0,39.0,43.006,145.119,28-11-2004 18:32,1955,17030000,0
7.1,10.0,-3.609,135.404,26-11-2004 02:25,2464,24360000,0
7.1,10.0,-46.676,164.721,22-11-2004 20:26,185,18520000,0
7.2,15.0,4.695,-77.508,15-11-2004 09:06,1393,18420000,0
7.5,10.0,-8.152,124.868,11-11-2004 21:26,2277,36870000,0
6.7,10.0,-11.128,162.208,11-11-2004 17:34,512,20310000,0
6.7,10.0,49.277,-128.772,02-11-2004 10:02,4730,17080000,0
6.6,16.0,37.226,138.779,23-10-2004 08:56,4055,9180000,0
6.7,94.0,24.53,122.694,15-10-2004 04:08,3138,36310000,0
7.0,35.0,11.422,-86.665,09-10-2004 21:26,2670,19680000,0
6.5,105.0,13.925,120.534,08-10-2004 14:36,4774,7190000,0
6.8,36.0,-10.951,162.161,08-10-2004 08:27,4862,38280000,0
6.6,10.0,33.205,137.227,06-09-2004 23:29,2118,2660000,0
7.4,10.0,33.184,137.071,05-09-2004 14:57,252,16110000,0
7.2,14.0,33.07,136.618,05-09-2004 10:07,3527,12920000,0
6.5,5.0,-35.173,-70.525,28-08-2004 13:41,3560,25390000,0
6.5,13.4,-0.443,133.091,28-07-2004 03:56,4012,28340000,0
6.9,188.6,55.682,160.003,10-06-2004 15:19,1508,30940000,0
6.6,21.0,-37.695,-73.406,03-05-2004 04:36,123,39930000,0
6.7,65.8,-9.362,122.839,23-04-2004 01:50,4260,40650000,0
6.5,228.4,-13.174,167.198,09-04-2004 15:23,3334,45290000,0
6.6,187.1,36.512,71.029,05-04-2004 21:24,1872,31460000,0
6.7,25.7,-3.665,135.339,08-02-2004 08:58,3693,3170000,0
7.3,10.0,-4.003,135.023,07-02-2004 02:42,568,1880000,0
7.0,16.6,-3.615,135.538,05-02-2004 21:05,1372,32980000,0
6.7,17.4,-3.12,127.4,28-01-2004 22:15,3186,25410000,0
7.3,10.0,-22.015,169.766,27-12-2003 16:00,3956,49560000,0
6.6,10.0,28.995,58.311,26-12-2003 01:56,1057,15730000,0
6.5,33.0,8.416,-82.824,25-12-2003 07:11,857,45080000,0
6.5,8.382,35.7005,-121.101,22-12-2003 19:15,3839,30240000,0
6.8,10.0,23.039,121.362,10-12-2003 04:38,2861,20020000,0
6.6,35.0,-5.581,150.88,25-11-2003 20:19,4770,15690000,0
6.5,35.0,12.025,125.416,18-11-2003 17:14,777,31820000,0
6.6,113.7,-19.262,168.892,06-11-2003 10:38,721,1040000,0
7.0,10.0,37.812,142.619,31-10-2003 01:06,2711,9570000,0
6.7,32.0,42.648,144.57,08-10-2003 09:06,2655,35780000,0
6.7,10.0,50.211,87.721,01-10-2003 01:03,4878,8850000,0
6.5,25.0,42.45,144.38,29-09-2003 02:36,603,17350000,0
7.3,16.0,50.038,87.813,27-09-2003 11:33,3823,24590000,0
7.4,33.0,41.774,143.593,25-09-2003 21:08,1245,40740000,0
8.16,27.0,41.815,143.91,25-09-2003 19:50,4846,28510000,0
6.6,10.0,19.917,95.672,21-09-2003 18:16,4842,30750000,0
7.2,28.0,-45.104,167.144,21-08-2003 12:12,319,9800000,0
7.6,10.0,-60.532,-43.411,04-08-2003 04:37,829,10670000,0
6.5,33.0,-3.828,152.174,15-07-2003 18:46,3264,46700000,0
6.8,33.0,-30.608,-71.637,20-06-2003 13:30,275,41850000,0
6.9,174.8,55.492,159.999,16-06-2003 22:08,2665,13310000,0
6.6,33.0,-5.095,152.502,07-06-2003 00:32,550,44920000,0
7.0,31.0,2.354,128.855,26-05-2003 19:23,3642,25060000,0
7.0,68.0,38.849,141.568,26-05-2003 09:24,4054,24220000,0
6.8,12.0,36.964,3.634,21-05-2003 18:44,4893,30610000,0
6.5,33.0,-8.294,120.743,25-03-2003 02:53,2935,45700000,0
6.8,40.2,-4.694,153.238,11-03-2003 07:27,606,26350000,0
7.6,24.0,18.77,-104.104,22-01-2003 02:06,897,13160000,0
6.5,24.0,13.626,-90.774,21-01-2003 02:46,528,28330000,0
7.3,33.0,-10.491,160.77,20-01-2003 08:43,4608,29230000,0
6.7,71.9,-5.311,153.701,10-01-2003 13:11,2348,17630000,0
6.7,34.0,-4.786,153.275,12-12-2002 08:30,3440,90000,0
7.9,4.2,63.5141,-147.453,03-11-2002 22:12,4999,37950000,0
7.4,30.0,2.824,96.085,02-11-2002 01:26,4827,46620000,0
6.6,4.2,63.5144,-147.912,23-10-2002 11:27,3923,49770000,0
6.7,10.0,-1.511,133.973,10-10-2002 12:28,299,42820000,0
7.6,10.0,-1.757,134.297,10-10-2002 10:50,2120,25740000,0
6.5,21.0,13.036,93.068,13-09-2002 22:28,2537,5680000,0
7.6,13.0,-3.302,142.945,08-09-2002 18:44,4204,9330000,0
6.5,30.0,14.101,146.199,14-08-2002 13:57,3255,18860000,0
6.5,10.0,7.929,-82.793,31-07-2002 00:16,3726,5530000,0
6.5,10.0,35.626,49.047,22-06-2002 02:58,1261,37970000,0
6.6,54.0,-30.805,-71.124,18-06-2002 13:56,1559,16710000,0
6.7,33.0,-12.592,166.383,17-06-2002 21:26,3270,23170000,0
7.1,85.7,13.088,144.619,26-04-2002 16:06,4047,14980000,0
6.7,62.0,-27.535,-70.586,18-04-2002 16:08,757,41480000,0
6.8,24.9,16.985,-100.865,18-04-2002 05:02,1011,15700000,0
7.1,32.8,24.279,122.179,31-03-2002 06:52,2795,41870000,0
6.5,125.1,-21.663,-68.329,28-03-2002 04:56,2906,39990000,0
7.5,31.0,6.033,124.249,05-03-2002 21:16,1871,8640000,0
7.4,225.6,36.502,70.482,03-03-2002 12:08,2230,27080000,0
6.6,39.0,-5.345,151.248,05-02-2002 13:27,1174,40240000,0
6.5,5.0,38.573,31.271,03-02-2002 07:11,1833,22400000,0
6.7,11.0,-3.212,142.427,10-01-2002 11:14,377,5400000,0
6.6,10.0,-17.664,168.004,03-01-2002 10:17,3854,2010000,0
7.2,21.0,-17.6,167.856,02-01-2002 17:22,3617,22700000,0
6.8,16.0,-9.613,159.53,23-12-2001 22:52,799,28910000,0
6.8,14.0,23.954,122.734,18-12-2001 04:02,379,28850000,0
6.5,123.8,39.402,141.089,02-12-2001 13:01,1159,45650000,0
7.8,10.0,35.946,90.541,14-11-2001 09:26,3820,8790000,0
7.0,33.0,-5.912,150.196,31-10-2001 09:10,2793,7650000,0
7.5,33.0,-4.102,123.907,19-10-2001 03:28,2241,12250000,0
7.0,37.0,12.686,144.98,12-10-2001 15:02,4036,41540000,0
6.5,33.0,-0.578,133.13,11-09-2001 14:56,2663,34770000,0
6.6,131.8,58.775,-154.701,28-07-2001 07:32,4013,32860000,0
6.5,10.0,39.059,24.244,26-07-2001 00:21,2958,370000,0
7.6,33.0,-17.543,-72.077,07-07-2001 09:38,3928,43190000,0
6.6,62.0,-16.086,-73.987,05-07-2001 13:53,1039,34040000,0
6.7,24.0,-17.745,-71.649,26-06-2001 04:18,3260,41230000,0
8.4,33.0,-16.265,-73.641,23-06-2001 20:33,1345,5050000,0
6.7,17.0,-7.41,155.865,19-04-2001 21:43,2506,18380000,0
6.8,50.0,34.083,132.526,24-03-2001 06:27,1722,24120000,0
6.5,33.0,-4.029,128.02,19-03-2001 05:52,4664,38860000,0
6.8,51.798,47.149,-122.727,28-02-2001 18:54,176,5320000,0
7.1,35.0,1.271,126.249,24-02-2001 07:23,4894,44660000,0
7.4,36.0,-4.68,102.562,13-02-2001 19:28,1910,5780000,0
6.6,10.0,13.671,-88.938,13-02-2001 14:22,46,37420000,0
7.7,16.0,23.419,70.232,26-01-2001 03:16,3410,42840000,0
6.9,28.0,-4.022,101.776,16-01-2001 13:25,4675,36550000,0
7.7,60.0,13.049,-88.66,13-01-2001 17:33,1076,25550000,0
6.9,36.4,56.7744,-153.281,10-01-2001 16:02,2830,22200000,0
7.1,103.0,-14.928,167.17,09-01-2001 16:49,1505,19000000,0
6.8,33.0,6.631,126.899,01-01-2001 08:54,2310,40130000,0
7.5,33.0,6.898,126.579,01-01-2001 06:57,1437,34060000,0
